user_id,tier,cabin,route,distance_km,premium,saf_blend,fuel_burn,saf_miles,co2_reduction,net_price,demand,chose_saf
1,Silver,Business,HKG-SYD,7390,25,0.24,36056.0,3354,23018.150400000002,8.23,155.88885968378733,1
2,None,Business,HKG-JFK,9600,35,0.25,42685.0,4945,28385.525,10.274999999999999,139.51602128303117,0
3,None,Economy,HKG-SYD,7390,15,0.11,19535.0,1915,5715.941,5.424999999999999,192.00614429492774,1
4,Silver,Economy,HKG-SIN,12970,30,0.29,45006.0,4602,34717.6284,6.989999999999998,169.1517167823457,0
5,Gold,Economy,HKG-SIN,7390,20,0.12,12229.0,2563,3903.4968000000003,7.1850000000000005,166.8405495169493,1
6,Gold,Economy,HKG-LHR,12970,30,0.16,12786.0,4407,5441.7216,7.965,158.46089618050945,1
7,Gold,Economy,HKG-BKK,2560,30,0.23,17005.0,3575,10403.659000000001,12.125,128.43225981358714,1
8,None,Economy,HKG-SYD,9600,15,0.13,10379.0,2029,3589.0582,4.855,202.96463902904242,1
9,Silver,Business,HKG-LHR,7390,35,0.11,15364.0,4468,4495.5064,12.66,125.68925295997526,0
10,None,Business,HKG-BKK,12970,25,0.17,9789.0,3685,4426.585800000001,6.574999999999999,174.40828807877892,1
11,Gold,Business,HKG-SYD,1690,30,0.25,41979.0,3527,27916.035,12.364999999999998,127.17974137199222,1
12,None,Economy,HKG-JFK,9600,35,0.18,11254.0,4823,5388.4152,10.884999999999998,135.55039302469842,0
13,None,Economy,HKG-SYD,2560,25,0.23,38628.0,2979,23632.6104,10.105,140.68469031161567,1
14,Gold,Business,HKG-SIN,12970,30,0.22,7156.0,4497,4187.6912,7.515000000000001,163.1362614107988,1
15,Gold,Economy,HKG-SIN,2560,25,0.1,47683.0,2817,12683.678000000002,10.915,135.36398396145347,1
16,Gold,Economy,HKG-JFK,2560,35,0.3,37002.0,4293,29527.596,13.535,121.5586498628674,1
17,Silver,Business,HKG-LHR,7390,20,0.11,5306.0,2553,1552.5356,7.234999999999999,166.26304501667533,1
18,Silver,Business,HKG-BKK,7390,35,0.29,39374.0,4783,30373.1036,11.085,134.3219998330579,0
19,Silver,Economy,HKG-SYD,12970,15,0.21,28134.0,2241,15715.652399999999,3.795,229.56681438339393,1
20,Gold,Business,HKG-SIN,1690,25,0.29,40071.0,2989,30910.769399999997,10.055,141.03404443857215,1
21,Silver,Economy,HKG-LHR,12970,20,0.12,28512.0,2898,9101.030400000001,5.51,190.5193970527871,1
22,Gold,Business,HKG-JFK,1690,25,0.2,33846.0,2876,18006.072000000004,10.62,137.23116159876972,1
23,Gold,Economy,HKG-SIN,2560,25,0.13,40385.0,2854,13965.133000000002,10.73,136.52592788242302,1
24,Silver,Economy,HKG-JFK,9600,30,0.11,23230.0,4029,6797.098000000001,9.855,142.45794772356274,0
25,Silver,Economy,HKG-SYD,12970,15,0.22,5122.0,2248,2997.3944,3.76,230.63280200722124,1
26,None,Business,HKG-BKK,12970,25,0.14,43248.0,3647,16105.5552,6.765000000000001,171.94165290282743,1
27,Gold,Economy,HKG-SIN,1690,35,0.22,22140.0,4062,12956.328000000001,14.690000000000001,116.6820632324892,1
28,Silver,Economy,HKG-SIN,2560,35,0.12,27322.0,3978,8721.1824,15.11,115.04897814670467,0
29,Silver,Business,HKG-SYD,2560,30,0.17,5349.0,3485,2418.8178000000003,12.575,126.11333222388635,0
30,Gold,Economy,HKG-LHR,1690,15,0.26,27144.0,1771,18772.7904,6.145,180.4072781372249,1
31,Silver,Business,HKG-BKK,2560,15,0.19,49392.0,1757,24962.716800000002,6.215,179.38843098527735,1
32,Gold,Business,HKG-SIN,7390,35,0.23,17522.0,4678,10719.959600000002,11.61,131.24987182635962,1
33,Gold,Business,HKG-BKK,9600,20,0.23,22794.0,2806,13945.369200000001,5.969999999999999,183.03234009578208,1
34,None,Business,HKG-SIN,12970,30,0.27,35924.0,4572,25800.616800000003,7.140000000000001,167.36548175114459,0
35,None,Business,HKG-BKK,9600,30,0.16,41666.0,4104,17733.049600000002,9.48,145.24822344353169,0
36,None,Economy,HKG-JFK,12970,35,0.24,23783.0,5281,15183.067200000001,8.594999999999999,152.54292065209185,0
37,Silver,Business,HKG-SIN,7390,35,0.29,18935.0,4783,14606.458999999999,11.085,134.3219998330579,0
38,Gold,Economy,HKG-BKK,2560,20,0.25,47202.0,2403,31389.33,7.984999999999999,158.26232355089917,1
39,Silver,Business,HKG-LHR,1690,20,0.2,35472.0,2301,18871.104000000003,8.495,153.4381332707509,1
40,Silver,Business,HKG-JFK,7390,15,0.23,10356.0,2005,6335.800800000001,4.975,200.5018828468342,1
41,Gold,Business,HKG-JFK,9600,30,0.25,8102.0,4239,5387.83,8.805,150.71286221495637,1
42,Silver,Economy,HKG-LHR,1690,30,0.22,26760.0,3482,15659.952000000001,12.59,126.03818274920818,0
43,Gold,Business,HKG-BKK,2560,35,0.1,14904.0,3943,3964.4640000000004,15.285,114.38847662773668,1
44,None,Economy,HKG-SYD,7390,15,0.14,16429.0,1937,6118.159600000002,5.3149999999999995,193.98286237113084,1
45,Gold,Economy,HKG-LHR,1690,30,0.26,44496.0,3542,30773.433600000004,12.29,127.5672097462393,1
46,Silver,Economy,HKG-BKK,7390,15,0.15,9030.0,1945,3602.9700000000003,5.275,194.71695340449418,1
47,Silver,Business,HKG-LHR,7390,15,0.25,37191.0,2020,24732.015000000003,4.9,202.0305089104421,1
48,Silver,Business,HKG-LHR,2560,35,0.17,17201.0,4066,7778.292200000001,14.669999999999998,116.76157401734312,0
49,Silver,Economy,HKG-SIN,12970,15,0.2,39215.0,2233,20862.38,3.834999999999999,228.3664568011611,1
50,Gold,Business,HKG-BKK,1690,20,0.11,37509.0,2211,10975.1334,8.945,149.52879220456305,1
51,None,Economy,HKG-SYD,2560,20,0.14,5333.0,2293,1986.0092000000004,8.535,153.0781606146884,1
52,None,Business,HKG-SIN,7390,25,0.29,27911.0,3416,21530.5454,7.919999999999998,158.91043154093208,1
53,None,Economy,HKG-LHR,2560,35,0.28,11269.0,4258,8393.1512,13.71,120.78034628861947,0
54,None,Economy,HKG-LHR,12970,25,0.23,43980.0,3760,26906.964,6.199999999999999,179.60530202677492,1
55,Silver,Economy,HKG-LHR,1690,20,0.19,44221.0,2291,22349.293400000002,8.545,152.9885626201147,1
56,None,Business,HKG-BKK,12970,25,0.24,23826.0,3772,15210.5184,6.140000000000001,180.48071892110838,1
57,Gold,Economy,HKG-BKK,9600,35,0.22,24998.0,4893,14628.829600000001,10.535,137.78366347726057,1
58,Gold,Business,HKG-SIN,1690,35,0.21,18648.0,4044,10416.7728,14.780000000000001,116.32626414255726,1
59,Gold,Business,HKG-SYD,12970,15,0.11,37247.0,2166,10898.4722,4.17,219.00143993920142,1
60,Silver,Economy,HKG-SIN,7390,30,0.23,21140.0,4010,12933.452,9.95,141.7762410016672,0
61,Silver,Economy,HKG-JFK,1690,15,0.25,17051.0,1763,11338.915,6.1850000000000005,179.82296153143776,1
62,Gold,Economy,HKG-LHR,1690,35,0.3,24450.0,4202,19511.100000000002,13.989999999999998,119.5655705510017,1
63,None,Economy,HKG-LHR,2560,20,0.1,9117.0,2253,2425.1220000000003,8.735,151.31554387429492,1
64,Silver,Business,HKG-LHR,7390,20,0.25,38597.0,2693,25667.005,6.535,174.94124054509933,1
65,Gold,Business,HKG-SIN,9600,15,0.21,5567.0,2089,3109.7262,4.555,209.5418660634908,1
66,Silver,Economy,HKG-SIN,12970,35,0.19,34002.0,5194,17184.610800000002,9.030000000000001,148.8233659121359,0
67,Gold,Business,HKG-LHR,2560,20,0.13,13229.0,2283,4574.5882,8.584999999999999,152.63173749842463,1
68,None,Business,HKG-SIN,12970,35,0.18,15458.0,5176,7401.290400000001,9.120000000000001,148.08721943977307,0
69,Gold,Business,HKG-BKK,9600,20,0.17,33603.0,2746,15195.276600000001,6.27,178.59990659227327,1
70,None,Business,HKG-BKK,9600,35,0.16,49682.0,4788,21144.659200000002,11.059999999999999,134.47372472027638,0
71,None,Business,HKG-SIN,1690,25,0.25,39997.0,2939,26598.005,10.305,139.31279317619095,1
72,Gold,Business,HKG-LHR,9600,35,0.24,15163.0,4928,9680.0592,10.36,138.94250359418209,1
73,Gold,Business,HKG-SIN,12970,35,0.22,12921.0,5246,7561.3692,8.77,151.01330108226503,1
74,None,Business,HKG-SIN,7390,15,0.29,43980.0,2050,33926.172,4.75,205.19567041703084,1
75,None,Economy,HKG-SIN,7390,25,0.17,24988.0,3266,11299.573600000002,8.669999999999998,151.88169985127126,1
76,None,Business,HKG-JFK,1690,30,0.15,11167.0,3377,4455.633,13.114999999999998,123.48973264146792,0
77,None,Business,HKG-BKK,12970,15,0.23,43800.0,2256,26796.84,3.7200000000000006,231.8694478800841,1
78,Gold,Economy,HKG-SYD,12970,30,0.14,41724.0,4377,15538.017600000003,8.114999999999998,156.98954680656644,1
79,Silver,Business,HKG-SYD,9600,20,0.16,49276.0,2736,20971.8656,6.32,177.892016741205,1
80,Gold,Economy,HKG-JFK,12970,30,0.14,45938.0,4377,17107.311200000004,8.114999999999998,156.98954680656644,1
81,None,Economy,HKG-SIN,2560,35,0.11,43331.0,3961,12678.6506,15.195,114.7267380165857,0
82,Silver,Business,HKG-JFK,9600,30,0.27,7366.0,4269,5290.261200000001,8.655000000000001,152.0132561339275,0
83,Silver,Business,HKG-JFK,2560,15,0.15,9699.0,1727,3869.901,6.365,177.26206073927207,1
84,Gold,Economy,HKG-LHR,1690,15,0.19,30604.0,1718,15467.261600000002,6.41,176.63875013688812,1
85,Silver,Economy,HKG-BKK,7390,30,0.11,28917.0,3830,8461.1142,10.849999999999998,135.76884666042614,0
86,Silver,Business,HKG-SYD,1690,15,0.24,25608.0,1756,16348.147200000001,6.220000000000001,179.31631503020816,1
87,None,Economy,HKG-SIN,7390,15,0.17,22856.0,1960,10335.483200000002,5.199999999999999,196.11613513818403,1
88,Silver,Business,HKG-SYD,1690,30,0.25,24404.0,3527,16228.660000000002,12.364999999999998,127.17974137199222,0
89,None,Economy,HKG-SYD,12970,25,0.18,30618.0,3697,14659.8984,6.515000000000001,175.2095554888843,1
90,Silver,Business,HKG-BKK,2560,25,0.14,5093.0,2867,1896.6332000000004,10.665,136.94133833629348,1
91,Gold,Economy,HKG-SYD,7390,20,0.2,16732.0,2643,8901.424,6.785,171.68805150683525,1
92,None,Economy,HKG-SYD,9600,15,0.13,28323.0,2029,9794.093400000002,4.855,202.96463902904242,1
93,None,Economy,HKG-JFK,2560,30,0.19,37500.0,3515,18952.5,12.425,126.87229593911023,0
94,Silver,Business,HKG-BKK,9600,15,0.16,12837.0,2052,5463.4272,4.74,205.41200750444025,1
95,None,Business,HKG-LHR,2560,35,0.28,29610.0,4258,22053.528000000006,13.71,120.78034628861947,0
96,Silver,Business,HKG-SIN,2560,15,0.11,37151.0,1697,10870.3826,6.515000000000001,175.2095554888843,1
97,Silver,Business,HKG-SYD,1690,15,0.24,25008.0,1756,15965.1072,6.220000000000001,179.31631503020816,1
98,Silver,Business,HKG-SIN,7390,25,0.14,6219.0,3229,2315.9556000000002,8.855,150.2867577088257,1
99,Gold,Economy,HKG-LHR,7390,30,0.16,25217.0,3905,10732.355200000002,10.474999999999998,138.17770717069337,1
100,Gold,Business,HKG-SIN,2560,15,0.18,18340.0,1750,8781.192,6.25,178.88543819998318,1
101,Gold,Business,HKG-LHR,12970,25,0.28,46834.0,3822,34881.963200000006,5.890000000000001,184.2711517991869,1
102,Silver,Economy,HKG-JFK,12970,20,0.15,10608.0,2928,4232.592000000001,5.359999999999999,193.16685232156397,1
103,Silver,Economy,HKG-SYD,9600,25,0.12,34361.0,3370,10968.0312,8.149999999999999,156.65208999759147,1
104,Silver,Economy,HKG-LHR,9600,25,0.16,7372.0,3420,3137.5232,7.899999999999999,159.11145683514602,1
105,None,Economy,HKG-SIN,1690,25,0.12,25078.0,2776,8004.897599999999,11.12,134.11044519645503,1
106,Gold,Business,HKG-SYD,2560,15,0.13,29929.0,1712,10349.4482,6.4399999999999995,176.22684421256037,1
107,Silver,Business,HKG-JFK,9600,15,0.21,18408.0,2089,10282.7088,4.555,209.5418660634908,1
108,None,Economy,HKG-SYD,9600,20,0.11,25478.0,2686,7454.8628,6.57,174.47464086340457,1
109,Gold,Economy,HKG-LHR,2560,35,0.11,12360.0,3961,3616.536,15.195,114.7267380165857,1
110,Gold,Business,HKG-JFK,1690,35,0.24,18686.0,4097,11929.142399999999,14.515,117.38334407431739,1
111,Gold,Economy,HKG-SIN,9600,35,0.17,32950.0,4805,14899.990000000002,10.974999999999998,134.99346141256544,1
112,Gold,Business,HKG-JFK,1690,20,0.13,18581.0,2231,6425.309800000001,8.845,150.3716894803458,1
113,None,Business,HKG-JFK,7390,35,0.15,45488.0,4538,18149.712,12.309999999999999,127.46353869315715,0
114,None,Business,HKG-BKK,1690,35,0.23,33278.0,4079,20359.480400000004,14.605,117.02111104992603,0
115,Silver,Business,HKG-JFK,12970,25,0.16,24739.0,3672,10528.9184,6.640000000000001,173.5525336251558,1
116,None,Business,HKG-JFK,12970,15,0.2,6744.0,2233,3587.808000000001,3.834999999999999,228.3664568011611,1
117,None,Business,HKG-SYD,1690,15,0.12,27480.0,1666,8771.616,6.67,173.16179571791196,1
118,Gold,Economy,HKG-SIN,12970,25,0.22,39415.0,3747,23065.658,6.265000000000001,178.67116129552397,1
119,None,Business,HKG-SYD,7390,25,0.16,16950.0,3254,7213.92,8.73,151.35886972883327,1
120,Silver,Business,HKG-SYD,2560,25,0.23,41305.0,2979,25270.399,10.105,140.68469031161567,1
121,None,Economy,HKG-LHR,12970,15,0.26,16331.0,2278,11294.519600000001,3.6099999999999994,235.37557657892526,1
122,None,Economy,HKG-SYD,12970,35,0.22,42069.0,5246,24618.778800000004,8.77,151.01330108226503,0
123,Silver,Economy,HKG-BKK,1690,25,0.16,8837.0,2826,3761.0272000000004,10.87,135.64388681189737,1
124,Gold,Economy,HKG-BKK,7390,20,0.15,43978.0,2593,17547.222,7.035,168.60985190855678,1
125,Gold,Economy,HKG-LHR,2560,25,0.17,27463.0,2904,12418.768600000001,10.48,138.1447409988844,1
126,Silver,Business,HKG-SIN,1690,30,0.13,18344.0,3347,6343.355200000001,13.265,122.78953951353704,0
127,None,Business,HKG-SIN,1690,25,0.14,16930.0,2801,6304.732000000001,10.995,134.870628392213,1
128,None,Business,HKG-SYD,7390,15,0.26,24440.0,2027,16902.704,4.865,202.75593497484388,1
129,Gold,Business,HKG-SYD,2560,25,0.18,49957.0,2917,23919.411600000003,10.415,138.57515106107104,1
130,Silver,Business,HKG-SYD,7390,30,0.19,14915.0,3950,7538.041,10.25,139.68605915391566,0
131,Silver,Economy,HKG-SIN,2560,20,0.22,9645.0,2373,5644.254000000001,8.135,156.79644765992228,1
132,Gold,Business,HKG-JFK,7390,35,0.22,31327.0,4660,18332.5604,11.7,130.7440900921227,1
133,Gold,Business,HKG-BKK,1690,25,0.11,26984.0,2764,7895.518400000001,11.18,133.75009404306795,1
134,Silver,Business,HKG-JFK,1690,30,0.27,28589.0,3557,20532.619800000004,12.215,127.9582412439751,0
135,None,Economy,HKG-JFK,9600,30,0.14,35012.0,4074,13038.468800000002,9.629999999999999,144.11256705570565,0
136,Silver,Business,HKG-SIN,12970,20,0.24,17021.0,3018,10866.206400000001,4.91,201.8246703354378,1
137,Silver,Economy,HKG-JFK,7390,15,0.25,45980.0,2020,30576.7,4.9,202.0305089104421,1
138,None,Business,HKG-LHR,9600,25,0.24,24605.0,3520,15707.832,7.399999999999999,164.39898730535728,1
139,Silver,Business,HKG-SYD,12970,30,0.22,10809.0,4497,6325.4268,7.515000000000001,163.1362614107988,0
140,None,Business,HKG-LHR,7390,20,0.1,38403.0,2543,10215.198,7.285,165.6914962471534,1
141,None,Economy,HKG-BKK,2560,35,0.17,33940.0,4066,15347.668000000001,14.669999999999998,116.76157401734312,0
142,Gold,Business,HKG-SYD,12970,30,0.22,19208.0,4497,11240.521600000002,7.515000000000001,163.1362614107988,1
143,Silver,Economy,HKG-JFK,1690,20,0.18,32968.0,2281,15785.0784,8.595,152.54292065209185,1
144,Silver,Business,HKG-BKK,9600,15,0.27,14894.0,2134,10696.8708,4.33,214.91713855208948,1
145,Gold,Business,HKG-SYD,12970,15,0.16,25018.0,2203,10647.660800000001,3.9849999999999994,224.02724336929128,1
146,Gold,Economy,HKG-JFK,12970,30,0.16,45474.0,4407,19353.7344,7.965,158.46089618050945,1
147,Silver,Economy,HKG-LHR,1690,30,0.15,11009.0,3377,4392.591,13.114999999999998,123.48973264146792,0
148,Silver,Economy,HKG-SYD,7390,25,0.17,22401.0,3266,10129.7322,8.669999999999998,151.88169985127126,1
149,Gold,Economy,HKG-JFK,2560,20,0.21,41951.0,2363,23433.8286,8.185,156.31680001526652,1
150,Gold,Economy,HKG-LHR,1690,30,0.24,48627.0,3512,31043.4768,12.440000000000001,126.79578233524342,1
151,None,Economy,HKG-BKK,2560,25,0.23,25427.0,2979,15556.2386,10.105,140.68469031161567,1
152,Gold,Economy,HKG-BKK,7390,25,0.26,27815.0,3379,19236.854000000003,8.105,157.08636429761123,1
153,Gold,Economy,HKG-BKK,12970,30,0.28,30748.0,4587,22901.1104,7.065000000000001,168.25148837502292,1
154,Silver,Economy,HKG-BKK,2560,15,0.26,46956.0,1810,32474.769600000007,5.949999999999999,183.33969940564225,1
155,None,Economy,HKG-SIN,9600,20,0.1,43619.0,2676,11602.654000000002,6.619999999999999,173.81449986274959,1
156,Gold,Economy,HKG-SYD,9600,20,0.25,12677.0,2826,8430.205,5.869999999999999,184.584805050515,1
157,Silver,Business,HKG-SYD,1690,15,0.14,24654.0,1681,9181.1496,6.595000000000001,174.14363195046977,1
158,None,Economy,HKG-SIN,7390,30,0.13,25880.0,3860,8949.304,10.7,136.71718540493265,0
159,Gold,Economy,HKG-JFK,1690,20,0.23,40509.0,2331,24783.4062,8.345,154.81100404763245,1
160,None,Business,HKG-JFK,1690,30,0.16,32130.0,3392,13674.528000000002,13.04,123.84435115451748,0
161,Silver,Economy,HKG-BKK,1690,30,0.11,34440.0,3317,10077.144,13.415,122.1011232897133,0
162,Silver,Business,HKG-LHR,9600,25,0.13,49919.0,3382,17261.9902,8.09,157.2319269830195,1
163,Silver,Business,HKG-JFK,9600,15,0.1,8373.0,2007,2227.2180000000003,4.965,200.70369656963726,1
164,Silver,Economy,HKG-LHR,1690,30,0.28,15035.0,3572,11198.068000000001,12.14,128.35289081240498,0
165,Gold,Business,HKG-SYD,9600,35,0.1,23355.0,4683,6212.43,11.585,131.39141168397305,1
166,None,Economy,HKG-LHR,7390,15,0.14,20650.0,1937,7690.060000000001,5.3149999999999995,193.98286237113084,1
167,Silver,Economy,HKG-SYD,1690,20,0.18,5974.0,2281,2860.3512,8.595,152.54292065209185,1
168,Gold,Business,HKG-SIN,9600,25,0.17,9130.0,3432,4128.586,7.84,159.719141249985,1
169,Gold,Business,HKG-SIN,2560,20,0.28,35643.0,2433,26546.906400000003,7.834999999999999,159.77009647260851,1
170,Silver,Business,HKG-BKK,1690,20,0.11,44570.0,2211,13041.182,8.945,149.52879220456305,1
171,Silver,Economy,HKG-JFK,1690,15,0.2,28140.0,1726,14970.480000000001,6.369999999999999,177.19247798458352,1
172,Gold,Economy,HKG-BKK,7390,20,0.24,29264.0,2683,18682.137600000002,6.584999999999999,174.27580929925315,1
173,Silver,Economy,HKG-SYD,12970,30,0.29,16479.0,4602,12711.9006,6.989999999999998,169.1517167823457,0
174,Gold,Business,HKG-BKK,12970,20,0.22,39554.0,2998,23147.000799999998,5.01,199.80029950087342,1
175,Silver,Economy,HKG-LHR,7390,25,0.26,38831.0,3379,26855.5196,8.105,157.08636429761123,1
176,Gold,Business,HKG-SYD,7390,25,0.12,31476.0,3204,10047.1392,8.98,149.2371097349751,1
177,Silver,Economy,HKG-SIN,7390,35,0.18,14570.0,4590,6976.116,12.05,128.83132528016617,0
178,Silver,Business,HKG-JFK,12970,25,0.17,9366.0,3685,4235.305200000001,6.574999999999999,174.40828807877892,1
179,None,Economy,HKG-SYD,7390,20,0.28,7891.0,2723,5877.2168,6.385,176.98422034789849,1
180,Gold,Business,HKG-SYD,9600,25,0.13,31671.0,3382,10951.831800000002,8.09,157.2319269830195,1
181,Silver,Economy,HKG-LHR,1690,15,0.13,42127.0,1673,14567.5166,6.635,173.6179141261095,1
182,Gold,Business,HKG-JFK,1690,25,0.17,43625.0,2839,19727.225000000002,10.805,136.05127378176206,1
183,None,Economy,HKG-SIN,2560,30,0.11,25863.0,3395,7567.5138,13.024999999999999,123.91564216175797,0
184,None,Economy,HKG-SYD,2560,15,0.14,40292.0,1720,15004.740800000001,6.4,176.7766952966369,1
185,Gold,Business,HKG-SYD,1690,35,0.29,47610.0,4184,36726.354,14.079999999999998,119.18282365569904,1
186,Silver,Economy,HKG-LHR,9600,30,0.19,17383.0,4149,8785.3682,9.254999999999999,147.00319919193402,0
187,None,Economy,HKG-BKK,12970,20,0.23,22908.0,3008,14015.1144,4.959999999999999,200.80483222562475,1
188,Silver,Business,HKG-SIN,12970,20,0.25,46917.0,3028,31199.805,4.859999999999999,202.86020648339488,1
189,Silver,Business,HKG-JFK,9600,20,0.17,20220.0,2746,9143.484,6.27,178.59990659227327,1
190,Gold,Economy,HKG-SYD,12970,30,0.13,46124.0,4362,15949.6792,8.190000000000001,156.26907697949846,1
191,Gold,Business,HKG-SYD,7390,30,0.14,49147.0,3875,18302.342800000002,10.625,137.19886811400707,1
192,None,Business,HKG-SIN,1690,30,0.16,34781.0,3392,14802.7936,13.04,123.84435115451748,0
193,None,Business,HKG-BKK,1690,15,0.23,41760.0,1748,25548.768000000004,6.26,178.7425013507906,1
194,Silver,Economy,HKG-SYD,9600,15,0.18,38730.0,2067,18543.924,4.664999999999999,207.05664550556486,1
195,Silver,Business,HKG-SIN,12970,20,0.1,36479.0,2878,9703.414,5.609999999999999,188.81372801234028,1
196,Silver,Economy,HKG-LHR,2560,25,0.2,18812.0,2942,10007.984,10.29,139.41429613550474,1
197,None,Economy,HKG-BKK,2560,20,0.28,7569.0,2433,5637.391200000001,7.834999999999999,159.77009647260851,1
198,None,Economy,HKG-JFK,12970,35,0.26,20437.0,5316,14134.2292,8.419999999999998,154.11998287418845,0
199,None,Economy,HKG-SYD,2560,15,0.27,35012.0,1817,25145.6184,5.914999999999999,183.88132451298364,1
200,None,Business,HKG-SIN,9600,30,0.26,9614.0,4254,6649.0424,8.73,151.35886972883327,0
201,Silver,Economy,HKG-LHR,9600,15,0.16,5536.0,2052,2356.1216,4.74,205.41200750444025,1
202,Gold,Business,HKG-JFK,12970,30,0.25,11286.0,4542,7505.1900000000005,7.289999999999999,165.63466499998444,1
203,Gold,Business,HKG-SIN,2560,35,0.13,37208.0,3996,12866.5264,15.02,115.39315069663539,1
204,None,Business,HKG-SIN,9600,35,0.23,48776.0,4910,29841.156800000004,10.45,138.34289277321494,0
205,Silver,Business,HKG-JFK,9600,15,0.23,49238.0,2104,30123.8084,4.48,211.2885636821291,1
206,Gold,Economy,HKG-LHR,7390,30,0.11,27229.0,3830,7967.205400000001,10.849999999999998,135.76884666042614,1
207,Gold,Economy,HKG-LHR,7390,35,0.26,44121.0,4730,30514.083600000005,11.349999999999998,132.7446623199944,1
208,Silver,Business,HKG-BKK,9600,20,0.28,38157.0,2856,28419.333600000005,5.719999999999999,186.98939800169146,1
209,Gold,Business,HKG-SYD,12970,20,0.15,27547.0,2928,10991.253,5.359999999999999,193.16685232156397,1
210,Gold,Economy,HKG-JFK,1690,30,0.26,30774.0,3542,21283.298400000003,12.29,127.5672097462393,1
211,Silver,Business,HKG-JFK,1690,15,0.12,11175.0,1666,3567.0600000000004,6.67,173.16179571791196,1
212,Silver,Business,HKG-JFK,9600,35,0.22,47195.0,4893,27618.514,10.535,137.78366347726057,0
213,Silver,Business,HKG-LHR,9600,15,0.2,20837.0,2082,11085.284000000001,4.59,208.7414303617165,1
214,Gold,Economy,HKG-SYD,9600,20,0.21,25077.0,2786,14008.012200000001,6.07,181.51839895669616,1
215,None,Economy,HKG-BKK,12970,35,0.29,35225.0,5369,27172.565000000002,8.155000000000001,156.60405930812962,0
216,Gold,Business,HKG-SIN,7390,15,0.27,20026.0,2035,14382.673200000001,4.824999999999999,203.59463942371505,1
217,Silver,Business,HKG-SIN,9600,25,0.26,16442.0,3545,11371.2872,7.274999999999999,165.8053344579357,1
218,None,Economy,HKG-JFK,9600,30,0.15,33397.0,4089,13325.403000000002,9.555,144.6770524405238,0
219,Silver,Economy,HKG-SYD,2560,30,0.28,6124.0,3650,4561.155200000001,11.75,130.46561461068845,0
220,None,Business,HKG-LHR,12970,25,0.12,37433.0,3622,11948.6136,6.890000000000001,170.3748109239964,1
221,Silver,Economy,HKG-SYD,9600,20,0.27,28131.0,2846,20203.684200000003,5.77,186.17745583356376,1
222,Silver,Business,HKG-SYD,2560,35,0.17,32259.0,4066,14587.519800000002,14.669999999999998,116.76157401734312,0
223,Gold,Business,HKG-LHR,1690,30,0.11,33435.0,3317,9783.081,13.415,122.1011232897133,1
224,Silver,Economy,HKG-JFK,9600,25,0.23,28717.0,3507,17569.0606,7.465,163.68168674192555,1
225,Gold,Business,HKG-SYD,9600,25,0.15,31214.0,3407,12454.385999999999,7.965,158.46089618050945,1
226,Gold,Economy,HKG-SIN,2560,20,0.15,35770.0,2303,14272.230000000001,8.485,153.528523931475,1
227,None,Business,HKG-LHR,12970,20,0.16,38890.0,2938,16551.584000000003,5.3100000000000005,194.074169913194,1
228,Silver,Business,HKG-BKK,9600,15,0.11,37735.0,2014,11041.261000000002,4.93,201.4148736276902,1
229,None,Economy,HKG-JFK,1690,30,0.14,44133.0,3362,16435.129200000003,13.190000000000001,123.1381430526315,0
230,Silver,Business,HKG-LHR,9600,15,0.1,13525.0,2007,3597.65,4.965,200.70369656963726,1
231,None,Economy,HKG-BKK,1690,25,0.19,23052.0,2864,11650.480800000001,10.68,136.84513787599332,1
232,Silver,Business,HKG-BKK,7390,35,0.12,47651.0,4485,15210.199200000001,12.575,126.11333222388635,0
233,Silver,Business,HKG-SYD,7390,35,0.24,22847.0,4695,14585.5248,11.524999999999999,131.73298438775686,0
234,Silver,Business,HKG-SYD,1690,20,0.15,10619.0,2251,4236.981,8.745,151.2290036648289,1
235,Gold,Economy,HKG-SYD,12970,35,0.29,28645.0,5369,22096.753,8.155000000000001,156.60405930812962,1
236,None,Business,HKG-LHR,9600,35,0.27,9927.0,4980,7129.571400000001,10.099999999999998,140.71950894605837,0
237,Gold,Economy,HKG-LHR,9600,35,0.16,14128.0,4788,6012.8768,11.059999999999999,134.47372472027638,1
238,Gold,Business,HKG-JFK,7390,25,0.26,49924.0,3379,34527.4384,8.105,157.08636429761123,1
239,Silver,Economy,HKG-SYD,1690,35,0.26,29361.0,4132,20306.067600000002,14.34,118.09742331947865,0
240,Gold,Business,HKG-BKK,9600,35,0.3,17783.0,5033,14190.833999999999,9.835,142.6027220980414,1
241,None,Economy,HKG-SIN,9600,35,0.22,49765.0,4893,29122.478,10.535,137.78366347726057,0
242,None,Economy,HKG-JFK,12970,15,0.12,48495.0,2173,15479.604,4.135,219.92633701358466,1
243,None,Economy,HKG-LHR,2560,25,0.23,24833.0,2979,15192.8294,10.105,140.68469031161567,1
244,Silver,Economy,HKG-JFK,7390,20,0.22,16718.0,2663,9783.3736,6.6850000000000005,172.96741384666876,1
245,Gold,Economy,HKG-JFK,7390,15,0.23,42728.0,2005,26140.990400000002,4.975,200.5018828468342,1
246,None,Economy,HKG-JFK,2560,30,0.16,37203.0,3470,15833.596800000003,12.649999999999999,125.7389226923863,0
247,Silver,Business,HKG-JFK,9600,25,0.27,35912.0,3557,25791.9984,7.215,166.4933263528233,1
248,None,Business,HKG-SIN,12970,25,0.29,45190.0,3835,34859.566,5.824999999999999,185.2964218448318,1
249,None,Economy,HKG-SYD,12970,30,0.14,36024.0,4377,13415.337600000003,8.114999999999998,156.98954680656644,0
250,None,Economy,HKG-BKK,7390,30,0.12,17771.0,3845,5672.5032,10.774999999999999,136.24054065803432,0
251,Gold,Economy,HKG-JFK,12970,30,0.14,36224.0,4377,13489.817600000002,8.114999999999998,156.98954680656644,1
252,Silver,Business,HKG-JFK,2560,20,0.26,18762.0,2413,12975.799200000001,7.9350000000000005,158.7601615957003,1
253,None,Business,HKG-JFK,9600,35,0.24,39166.0,4928,25003.5744,10.36,138.94250359418209,0
254,Silver,Business,HKG-SYD,2560,25,0.23,32889.0,2979,20121.4902,10.105,140.68469031161567,1
255,Gold,Economy,HKG-LHR,1690,35,0.18,8484.0,3992,4062.1392,15.04,115.31640100361062,1
256,Silver,Business,HKG-LHR,7390,35,0.22,28078.0,4660,16431.245600000002,11.7,130.7440900921227,0
257,None,Business,HKG-SIN,12970,30,0.16,20449.0,4407,8703.0944,7.965,158.46089618050945,0
258,Silver,Business,HKG-LHR,1690,20,0.2,19786.0,2301,10526.152000000002,8.495,153.4381332707509,1
259,Silver,Business,HKG-JFK,12970,15,0.26,32102.0,2278,22201.7432,3.6099999999999994,235.37557657892526,1
260,Gold,Business,HKG-JFK,9600,20,0.3,19505.0,2876,15564.990000000002,5.619999999999999,188.64566947613625,1
261,Silver,Business,HKG-JFK,9600,35,0.29,39960.0,5015,30825.144,9.925,141.95468819753523,0
262,None,Economy,HKG-SIN,9600,20,0.29,8186.0,2866,6314.6804,5.67,187.81205660633702,1
263,Gold,Business,HKG-JFK,12970,30,0.18,34717.0,4437,16622.4996,7.815000000000001,159.97440614236206,1
264,Silver,Business,HKG-LHR,1690,15,0.19,41414.0,1718,20930.6356,6.41,176.63875013688812,1
265,None,Business,HKG-SYD,9600,30,0.24,35277.0,4224,22520.8368,8.879999999999999,150.07505629691607,0
266,None,Business,HKG-SYD,1690,15,0.28,27375.0,1786,20388.900000000005,6.07,181.51839895669616,1
267,Silver,Business,HKG-BKK,12970,35,0.13,47764.0,5089,16516.791200000003,9.555,144.6770524405238,0
268,None,Business,HKG-LHR,1690,15,0.16,18497.0,1696,7872.323200000001,6.52,175.1423610260147,1
269,Silver,Economy,HKG-JFK,12970,15,0.13,5863.0,2181,2027.4254000000003,4.095000000000001,220.99784804393195,1
270,Gold,Business,HKG-SYD,12970,15,0.22,24440.0,2248,14302.288,3.76,230.63280200722124,1
271,None,Economy,HKG-LHR,7390,20,0.16,6486.0,2603,2760.4416,6.984999999999999,169.21224701036374,1
272,None,Economy,HKG-SYD,12970,20,0.17,47927.0,2948,21672.5894,5.26,194.99439399175796,1
273,None,Economy,HKG-JFK,12970,35,0.11,14446.0,5054,4226.8996,9.73,143.3700965465308,0
274,None,Business,HKG-SYD,2560,15,0.17,40502.0,1742,18315.0044,6.289999999999999,178.31573790537303,1
275,Silver,Business,HKG-BKK,9600,25,0.27,39856.0,3557,28624.579200000004,7.215,166.4933263528233,1
276,Silver,Business,HKG-BKK,7390,35,0.15,14798.0,4538,5904.402,12.309999999999999,127.46353869315715,0
277,None,Business,HKG-SYD,7390,15,0.24,32955.0,2012,21038.472,4.9399999999999995,201.21090914638344,1
278,Silver,Economy,HKG-LHR,7390,15,0.23,7164.0,2005,4382.9352,4.975,200.5018828468342,1
279,None,Business,HKG-LHR,2560,20,0.27,26761.0,2423,19219.750200000002,7.885,159.26272746684188,1
280,None,Business,HKG-LHR,12970,35,0.13,5659.0,5089,1956.8822000000002,9.555,144.6770524405238,0
281,None,Economy,HKG-SYD,9600,15,0.3,46451.0,2157,37067.898,4.215,217.82925610700886,1
282,Silver,Economy,HKG-LHR,1690,15,0.22,48924.0,1741,28630.324800000002,6.295,178.24490742078888,1
283,Silver,Business,HKG-JFK,12970,35,0.3,15003.0,5386,11972.394,8.07,157.42664151828745,0
284,Gold,Business,HKG-BKK,2560,25,0.28,14365.0,3042,10699.052000000001,9.79,142.93008498232322,1
285,Silver,Business,HKG-JFK,12970,35,0.14,38917.0,5106,14492.6908,9.469999999999999,145.32489181701183,0
286,Gold,Business,HKG-LHR,12970,35,0.11,16402.0,5054,4799.225200000001,9.73,143.3700965465308,1
287,Silver,Business,HKG-JFK,2560,25,0.15,45278.0,2879,18065.922000000002,10.605,137.32817904574011,1
288,Silver,Business,HKG-LHR,7390,35,0.21,30827.0,4643,17219.9622,11.785,130.27173714399856,0
289,Gold,Business,HKG-SYD,7390,15,0.13,20785.0,1930,7187.453,5.35,193.34729780913273,1
290,Silver,Business,HKG-JFK,9600,35,0.13,42471.0,4735,14686.471800000001,11.325,132.8910988370191,0
291,Gold,Business,HKG-SYD,9600,25,0.19,27203.0,3457,13748.3962,7.715,161.00784328560374,1
292,Gold,Business,HKG-SYD,7390,30,0.11,46023.0,3830,13466.3298,10.849999999999998,135.76884666042614,1
293,None,Business,HKG-SIN,1690,35,0.12,46761.0,3887,14926.1112,15.565000000000001,113.3549358045321,0
294,Silver,Economy,HKG-LHR,12970,20,0.18,12444.0,2958,5958.1872,5.209999999999999,195.92783347677306,1
295,Gold,Economy,HKG-BKK,1690,15,0.11,5105.0,1658,1493.723,6.709999999999999,172.64489368196223,1
296,Silver,Business,HKG-LHR,12970,15,0.18,49277.0,2218,23593.827599999997,3.91,226.1656365159503,1
297,None,Business,HKG-BKK,7390,20,0.19,45776.0,2633,23135.190400000003,6.834999999999999,171.05892498099806,1
298,Gold,Business,HKG-LHR,9600,20,0.19,7495.0,2766,3787.973,6.17,180.04141428847734,1
299,Silver,Economy,HKG-SYD,9600,35,0.27,42487.0,4980,30514.163400000005,10.099999999999998,140.71950894605837,0
300,Gold,Economy,HKG-JFK,1690,20,0.21,25601.0,2311,14300.7186,8.445,153.89169066936392,1
301,Gold,Business,HKG-JFK,9600,30,0.19,16653.0,4149,8416.426200000002,9.254999999999999,147.00319919193402,1
302,Silver,Economy,HKG-SIN,7390,25,0.18,44544.0,3279,21327.6672,8.605,152.45425867386516,1
303,Silver,Business,HKG-BKK,1690,20,0.26,13850.0,2361,9578.66,8.195,156.22139762614472,1
304,Silver,Business,HKG-BKK,12970,20,0.28,47628.0,3058,35473.33440000001,4.709999999999999,206.06514749131094,1
305,None,Economy,HKG-BKK,9600,30,0.27,14253.0,4269,10236.504600000002,8.655000000000001,152.0132561339275,0
306,None,Economy,HKG-SYD,2560,15,0.23,32616.0,1787,19954.468800000002,6.0649999999999995,181.59320563572453,1
307,Silver,Economy,HKG-BKK,9600,15,0.13,15039.0,2029,5200.4862,4.855,202.96463902904242,1
308,Silver,Economy,HKG-JFK,12970,35,0.16,29555.0,5141,12578.608000000002,9.294999999999998,146.6865521916296,0
309,None,Business,HKG-SYD,1690,30,0.11,35779.0,3317,10468.9354,13.415,122.1011232897133,0
310,Gold,Economy,HKG-LHR,12970,25,0.29,13560.0,3835,10460.184,5.824999999999999,185.2964218448318,1
311,Silver,Business,HKG-BKK,2560,25,0.23,28440.0,2979,17399.592000000004,10.105,140.68469031161567,1
312,Gold,Economy,HKG-BKK,7390,30,0.25,26108.0,4040,17361.82,9.8,142.85714285714286,1
313,Gold,Business,HKG-LHR,9600,25,0.16,8197.0,3420,3488.6432,7.899999999999999,159.11145683514602,1
314,None,Economy,HKG-BKK,1690,15,0.27,41824.0,1778,30037.996800000004,6.109999999999999,180.923255062985,1
315,None,Business,HKG-LHR,7390,25,0.15,20106.0,3241,8022.294000000001,8.794999999999998,150.79851886422156,1
316,Silver,Economy,HKG-SYD,12970,25,0.1,30856.0,3597,8207.696000000002,7.015000000000001,168.85003700454496,1
317,Silver,Business,HKG-JFK,1690,30,0.18,28165.0,3422,13485.402,12.89,124.56285080792118,0
318,Gold,Economy,HKG-LHR,7390,30,0.21,28097.0,3980,15694.9842,10.099999999999998,140.71950894605837,1
319,Gold,Business,HKG-SIN,1690,25,0.2,9825.0,2876,5226.900000000001,10.62,137.23116159876972,1
320,Gold,Business,HKG-LHR,2560,20,0.27,24057.0,2423,17277.7374,7.885,159.26272746684188,1
321,Silver,Business,HKG-BKK,2560,30,0.12,25357.0,3410,8093.9544,12.95,124.27395320024002,0
322,None,Business,HKG-SYD,9600,35,0.21,38014.0,4875,21234.6204,10.625,137.19886811400707,0
323,Silver,Economy,HKG-SYD,9600,35,0.2,42801.0,4858,22770.132,10.71,136.6533436151313,0
324,Gold,Business,HKG-LHR,2560,15,0.16,29524.0,1735,12565.414400000001,6.324999999999999,177.82168978975483,1
325,None,Economy,HKG-JFK,1690,25,0.26,8905.0,2951,6158.698000000001,10.245,139.72014139406025,1
326,None,Business,HKG-SIN,2560,20,0.25,15658.0,2403,10412.57,7.984999999999999,158.26232355089917,1
327,Silver,Business,HKG-SYD,9600,15,0.25,12422.0,2119,8260.630000000001,4.404999999999999,213.07968272885023,1
328,Silver,Economy,HKG-BKK,2560,25,0.28,10608.0,3042,7900.8384000000015,9.79,142.93008498232322,1
329,Silver,Economy,HKG-BKK,2560,30,0.24,21465.0,3590,13703.256,12.05,128.83132528016617,0
330,Gold,Business,HKG-JFK,1690,35,0.15,15323.0,3939,6113.8769999999995,15.305,114.31371290953535,1
331,Silver,Business,HKG-SYD,7390,20,0.24,14824.0,2683,9463.641599999999,6.584999999999999,174.27580929925315,1
332,None,Economy,HKG-LHR,9600,35,0.16,7461.0,4788,3175.4016,11.059999999999999,134.47372472027638,0
333,Gold,Business,HKG-BKK,1690,30,0.15,5795.0,3377,2312.205,13.114999999999998,123.48973264146792,1
334,Gold,Economy,HKG-JFK,2560,25,0.11,9625.0,2829,2816.275,10.855,135.73757432403056,1
335,Gold,Economy,HKG-SYD,2560,30,0.25,12749.0,3605,8478.085000000001,11.974999999999998,129.2341339502477,1
336,Gold,Economy,HKG-SYD,7390,30,0.24,24394.0,4025,15573.1296,9.875,142.313613392964,1
337,None,Business,HKG-SYD,9600,35,0.15,27973.0,4770,11161.227,11.149999999999999,133.92990603648502,0
338,None,Economy,HKG-SYD,9600,20,0.25,11327.0,2826,7532.455000000001,5.869999999999999,184.584805050515,1
339,Silver,Business,HKG-SYD,12970,30,0.28,24115.0,4587,17960.852000000003,7.065000000000001,168.25148837502292,0
340,Gold,Business,HKG-BKK,9600,35,0.12,20379.0,4718,6504.9768,11.41,132.3951803735789,1
341,Silver,Business,HKG-JFK,7390,20,0.15,13254.0,2593,5288.3460000000005,7.035,168.60985190855678,1
342,Silver,Business,HKG-SYD,12970,25,0.25,5308.0,3785,3529.82,6.074999999999999,181.44368465060577,1
343,Gold,Economy,HKG-SIN,12970,25,0.15,26016.0,3660,10380.384,6.699999999999999,172.77368511627202,1
344,Silver,Economy,HKG-SIN,2560,15,0.22,35854.0,1780,20981.7608,6.1,181.07149208503705,1
345,Silver,Economy,HKG-JFK,2560,35,0.12,15182.0,3978,4846.0944,15.11,115.04897814670467,0
346,Silver,Business,HKG-LHR,9600,20,0.19,10931.0,2766,5524.5274,6.17,180.04141428847734,1
347,Silver,Business,HKG-LHR,12970,30,0.25,44917.0,4542,29869.805,7.289999999999999,165.63466499998444,0
348,Gold,Business,HKG-LHR,2560,25,0.24,17376.0,2992,11092.8384,10.04,141.13935923440917,1
349,Silver,Economy,HKG-SIN,7390,20,0.26,15063.0,2703,10417.570800000001,6.484999999999999,175.6143528451249,1
350,Silver,Business,HKG-LHR,2560,35,0.28,43569.0,4258,32450.191200000005,13.71,120.78034628861947,0
351,Silver,Economy,HKG-BKK,2560,15,0.25,41770.0,1802,27777.050000000003,5.99,182.72652143588817,1
352,None,Business,HKG-SYD,12970,25,0.23,25176.0,3760,15402.676800000003,6.199999999999999,179.60530202677492,1
353,Silver,Business,HKG-SIN,12970,20,0.11,27016.0,2888,7904.881600000001,5.5600000000000005,189.6608104527204,1
354,Gold,Economy,HKG-JFK,1690,20,0.21,14799.0,2311,8266.7214,8.445,153.89169066936392,1
355,Gold,Business,HKG-JFK,7390,20,0.11,8524.0,2553,2494.1224,7.234999999999999,166.26304501667533,1
356,Silver,Economy,HKG-SYD,12970,35,0.26,30804.0,5316,21304.0464,8.419999999999998,154.11998287418845,0
357,Gold,Economy,HKG-SIN,9600,35,0.16,9426.0,4788,4011.7056000000002,11.059999999999999,134.47372472027638,1
358,Silver,Business,HKG-LHR,7390,35,0.21,25217.0,4643,14086.2162,11.785,130.27173714399856,0
359,None,Business,HKG-LHR,7390,30,0.16,47322.0,3905,20140.2432,10.474999999999998,138.17770717069337,0
360,Silver,Business,HKG-BKK,12970,20,0.26,47878.0,3038,33112.4248,4.8100000000000005,203.91184757154642,1
361,Silver,Economy,HKG-BKK,7390,25,0.28,15770.0,3404,11745.496000000001,7.98,158.31189671532587,1
362,Silver,Business,HKG-LHR,12970,35,0.18,33085.0,5176,15841.098000000002,9.120000000000001,148.08721943977307,0
363,Silver,Economy,HKG-JFK,2560,35,0.27,26333.0,4241,18912.360600000004,13.794999999999998,120.40766804528246,0
364,Silver,Economy,HKG-JFK,1690,20,0.15,44406.0,2251,17717.994,8.745,151.2290036648289,1
365,None,Economy,HKG-BKK,2560,35,0.21,17214.0,4136,9615.7404,14.32,118.17986481176636,0
366,Silver,Business,HKG-SYD,12970,30,0.27,5167.0,4572,3710.9394000000007,7.140000000000001,167.36548175114459,0
367,None,Economy,HKG-LHR,12970,30,0.17,12315.0,4422,5568.843000000001,7.890000000000001,159.21225599434428,0
368,None,Economy,HKG-BKK,2560,35,0.29,20729.0,4276,15990.3506,13.620000000000001,121.17874323511164,0
369,Gold,Business,HKG-BKK,9600,20,0.12,19207.0,2696,6130.8744,6.52,175.1423610260147,1
370,Gold,Business,HKG-LHR,9600,20,0.1,40611.0,2676,10802.526000000002,6.619999999999999,173.81449986274959,1
371,Gold,Economy,HKG-LHR,9600,20,0.28,35625.0,2856,26533.500000000007,5.719999999999999,186.98939800169146,1
372,Gold,Business,HKG-JFK,12970,15,0.11,18480.0,2166,5407.2480000000005,4.17,219.00143993920142,1
373,Gold,Economy,HKG-SYD,7390,35,0.3,25598.0,4800,20427.204,11.0,134.8399724926484,1
374,Silver,Business,HKG-SYD,12970,20,0.29,9300.0,3068,7174.02,4.66,207.16769761626043,1
375,Gold,Business,HKG-LHR,7390,30,0.13,45417.0,3860,15705.198600000002,10.7,136.71718540493265,1
376,Silver,Economy,HKG-SIN,2560,25,0.21,47094.0,2954,26306.7084,10.23,139.8225379936557,1
377,None,Business,HKG-BKK,1690,25,0.14,49091.0,2801,18281.488400000002,10.995,134.870628392213,1
378,Gold,Business,HKG-BKK,7390,20,0.19,44085.0,2633,22280.559,6.834999999999999,171.05892498099806,1
379,None,Business,HKG-LHR,9600,25,0.11,12828.0,3357,3753.4728,8.215,156.03111570701734,1
380,Gold,Business,HKG-SIN,12970,25,0.14,7079.0,3647,2636.2196000000004,6.765000000000001,171.94165290282743,1
381,Gold,Business,HKG-JFK,2560,15,0.17,31082.0,1742,14055.280400000001,6.289999999999999,178.31573790537303,1
382,Silver,Business,HKG-LHR,9600,30,0.19,46067.0,4149,23282.2618,9.254999999999999,147.00319919193402,0
383,Silver,Economy,HKG-LHR,2560,30,0.3,12981.0,3680,10358.838,11.599999999999998,131.30643285972258,0
384,None,Business,HKG-BKK,1690,15,0.26,5317.0,1771,3677.2372000000005,6.145,180.4072781372249,1
385,None,Economy,HKG-LHR,12970,15,0.25,41247.0,2271,27429.255,3.6449999999999996,234.24278964210222,1
386,None,Business,HKG-LHR,12970,25,0.21,8456.0,3735,4723.5216,6.324999999999999,177.82168978975483,1
387,Gold,Economy,HKG-LHR,1690,35,0.27,23617.0,4149,16961.7294,14.254999999999999,118.44899684858896,1
388,Gold,Business,HKG-BKK,12970,25,0.17,35550.0,3685,16075.710000000001,6.574999999999999,174.40828807877892,1
389,None,Economy,HKG-JFK,7390,15,0.24,15656.0,2012,9994.7904,4.9399999999999995,201.21090914638344,1
390,None,Business,HKG-JFK,2560,30,0.3,8778.0,3680,7004.844000000001,11.599999999999998,131.30643285972258,0
391,None,Business,HKG-LHR,9600,25,0.16,39651.0,3420,16875.4656,7.899999999999999,159.11145683514602,1
392,Silver,Business,HKG-BKK,1690,35,0.23,33358.0,4079,20408.4244,14.605,117.02111104992603,0
393,Silver,Business,HKG-JFK,7390,25,0.27,49482.0,3391,35537.972400000006,8.044999999999998,157.67105501977954,1
394,None,Business,HKG-JFK,9600,20,0.28,20494.0,2856,15263.931200000003,5.719999999999999,186.98939800169146,1
395,Silver,Business,HKG-JFK,9600,25,0.24,7779.0,3520,4966.113600000001,7.399999999999999,164.39898730535728,1
396,None,Economy,HKG-BKK,1690,15,0.16,38046.0,1696,16192.3776,6.52,175.1423610260147,1
397,None,Business,HKG-BKK,7390,30,0.17,28478.0,3920,12877.751600000001,10.399999999999999,138.6750490563073,0
398,Silver,Business,HKG-LHR,9600,30,0.1,14594.0,4014,3882.0040000000004,9.93,141.9189448535977,0
399,None,Economy,HKG-SYD,9600,15,0.25,40178.0,2119,26718.370000000003,4.404999999999999,213.07968272885023,1
400,None,Economy,HKG-JFK,7390,20,0.11,14169.0,2553,4145.8494,7.234999999999999,166.26304501667533,1
401,Gold,Business,HKG-SYD,12970,15,0.27,16730.0,2286,12015.486,3.5700000000000003,236.69053416557543,1
402,None,Business,HKG-BKK,9600,25,0.12,9164.0,3370,2925.1488000000004,8.149999999999999,156.65208999759147,1
403,Silver,Business,HKG-BKK,2560,15,0.13,22974.0,1712,7944.4092,6.4399999999999995,176.22684421256037,1
404,None,Economy,HKG-BKK,7390,15,0.2,23852.0,1982,12689.264000000003,5.09,198.22394114938214,1
405,Silver,Economy,HKG-SYD,9600,20,0.25,28155.0,2826,18723.075,5.869999999999999,184.584805050515,1
406,None,Business,HKG-BKK,1690,25,0.13,36903.0,2789,12761.057400000002,11.055,134.5041314419132,1
407,Silver,Economy,HKG-LHR,2560,35,0.19,45775.0,4101,23134.685,14.495000000000001,117.46429811433607,0
408,Gold,Economy,HKG-BKK,9600,35,0.2,11198.0,4858,5957.336,10.71,136.6533436151313,1
409,None,Business,HKG-SIN,2560,30,0.14,7446.0,3440,2772.8904,12.8,125.0,0
410,Gold,Economy,HKG-SYD,2560,15,0.12,5834.0,1705,1862.2128,6.475,175.7499100654987,1
411,Silver,Business,HKG-SIN,12970,30,0.27,11463.0,4572,8232.726600000002,7.140000000000001,167.36548175114459,0
412,None,Business,HKG-BKK,2560,20,0.2,34608.0,2353,18411.456000000002,8.235,155.84152740406148,1
413,None,Business,HKG-LHR,12970,35,0.1,37736.0,5036,10037.776000000002,9.82,142.7115930049275,0
414,Silver,Business,HKG-JFK,7390,15,0.26,40393.0,2027,27935.7988,4.865,202.75593497484388,1
415,Silver,Business,HKG-BKK,12970,20,0.3,15967.0,3078,12741.666,4.609999999999999,208.28813681835666,1
416,Silver,Economy,HKG-LHR,1690,20,0.22,18765.0,2321,10981.278,8.395,154.34929408994114,1
417,Gold,Business,HKG-SYD,9600,15,0.2,26741.0,2082,14226.212000000003,4.59,208.7414303617165,1
418,Silver,Business,HKG-SIN,7390,20,0.28,7843.0,2723,5841.466400000001,6.385,176.98422034789849,1
419,Silver,Business,HKG-SIN,7390,15,0.29,32501.0,2050,25071.271399999998,4.75,205.19567041703084,1
420,None,Economy,HKG-SIN,1690,15,0.25,49268.0,1763,32763.22,6.1850000000000005,179.82296153143776,1
421,None,Business,HKG-SYD,12970,25,0.19,21236.0,3710,10732.674400000002,6.449999999999999,176.09018126512476,1
422,None,Business,HKG-LHR,9600,30,0.22,38878.0,4194,22751.405600000002,9.030000000000001,148.8233659121359,0
423,Gold,Business,HKG-SYD,12970,20,0.24,27502.0,3018,17557.2768,4.91,201.8246703354378,1
424,Silver,Business,HKG-SIN,2560,20,0.14,10752.0,2293,4004.0448000000006,8.535,153.0781606146884,1
425,Gold,Economy,HKG-BKK,12970,25,0.19,31201.0,3710,15768.985400000001,6.449999999999999,176.09018126512476,1
426,Silver,Economy,HKG-JFK,7390,25,0.27,18494.0,3391,13282.390800000001,8.044999999999998,157.67105501977954,1
427,Silver,Business,HKG-SYD,9600,25,0.23,6548.0,3507,4006.0664,7.465,163.68168674192555,1
428,None,Economy,HKG-SYD,12970,35,0.18,33572.0,5176,16074.2736,9.120000000000001,148.08721943977307,0
429,Silver,Economy,HKG-LHR,9600,35,0.23,43652.0,4910,26706.293600000005,10.45,138.34289277321494,0
430,Gold,Economy,HKG-LHR,9600,35,0.12,20515.0,4718,6548.388,11.41,132.3951803735789,1
431,Gold,Business,HKG-SYD,2560,15,0.18,22563.0,1750,10803.1644,6.25,178.88543819998318,1
432,None,Business,HKG-SIN,2560,20,0.26,45096.0,2413,31188.393600000003,7.9350000000000005,158.7601615957003,1
433,Silver,Business,HKG-JFK,7390,30,0.14,41612.0,3875,15496.3088,10.625,137.19886811400707,0
434,Gold,Economy,HKG-LHR,1690,15,0.14,37173.0,1681,13843.2252,6.595000000000001,174.14363195046977,1
435,Gold,Business,HKG-SIN,9600,20,0.29,16196.0,2866,12493.594399999998,5.67,187.81205660633702,1
436,None,Business,HKG-BKK,1690,20,0.14,45960.0,2241,17115.504,8.795,150.79851886422153,1
437,Gold,Business,HKG-LHR,7390,25,0.15,11949.0,3241,4767.651,8.794999999999998,150.79851886422156,1
438,None,Economy,HKG-SIN,9600,25,0.29,33205.0,3582,25614.337,7.09,167.9545912169726,1
439,None,Business,HKG-SIN,9600,15,0.25,6296.0,2119,4186.84,4.404999999999999,213.07968272885023,1
440,Gold,Economy,HKG-JFK,1690,25,0.24,33967.0,2926,21684.5328,10.37,138.87549490757718,1
441,Gold,Economy,HKG-JFK,12970,20,0.27,17471.0,3048,12547.6722,4.76,204.98001542269694,1
442,None,Business,HKG-BKK,2560,25,0.12,25235.0,2842,8055.012,10.79,136.14580855202115,1
443,Silver,Economy,HKG-SIN,12970,35,0.24,20537.0,5281,13110.820800000001,8.594999999999999,152.54292065209185,0
444,Silver,Business,HKG-SIN,1690,25,0.2,12774.0,2876,6795.768000000001,10.62,137.23116159876972,1
445,None,Economy,HKG-JFK,2560,20,0.27,32989.0,2423,23692.699800000002,7.885,159.26272746684188,1
446,None,Business,HKG-LHR,12970,15,0.2,44689.0,2233,23774.548000000003,3.834999999999999,228.3664568011611,1
447,None,Economy,HKG-LHR,2560,30,0.22,48159.0,3560,28182.6468,12.2,128.036879932896,0
448,None,Economy,HKG-SYD,9600,25,0.2,13656.0,3470,7264.992000000001,7.649999999999999,161.69041669088867,1
449,Silver,Economy,HKG-JFK,12970,20,0.2,37282.0,2978,19834.024,5.109999999999999,197.83564706223268,1
450,Gold,Economy,HKG-SYD,2560,30,0.25,34895.0,3605,23205.175000000003,11.974999999999998,129.2341339502477,1
451,None,Business,HKG-JFK,2560,30,0.23,20452.0,3575,12512.5336,12.125,128.43225981358714,0
452,Silver,Economy,HKG-BKK,2560,35,0.23,5859.0,4171,3584.5362000000005,14.145,118.90867011072356,0
453,Silver,Economy,HKG-SIN,12970,30,0.19,36041.0,4452,18215.1214,7.739999999999998,160.74760739013738,0
454,None,Business,HKG-BKK,7390,20,0.21,47547.0,2653,26559.7542,6.734999999999999,172.3241709571392,1
455,Gold,Business,HKG-JFK,12970,20,0.25,33445.0,3028,22240.925000000003,4.859999999999999,202.86020648339488,1
456,Silver,Economy,HKG-SIN,1690,25,0.27,24588.0,2964,17659.1016,10.18,140.16549298025123,1
457,Gold,Economy,HKG-LHR,12970,25,0.24,28632.0,3772,18278.6688,6.140000000000001,180.48071892110838,1
458,Silver,Economy,HKG-LHR,2560,25,0.28,13983.0,3042,10414.538400000001,9.79,142.93008498232322,1
459,Gold,Business,HKG-SYD,9600,30,0.26,38774.0,4254,26816.098400000003,8.73,151.35886972883327,1
460,Gold,Economy,HKG-JFK,12970,30,0.21,38589.0,4482,21555.8154,7.59,162.3282511858913,1
461,Gold,Business,HKG-JFK,12970,35,0.23,11548.0,5264,7065.066400000001,8.68,151.79418517972906,1
462,Silver,Economy,HKG-LHR,2560,25,0.29,44509.0,3054,34334.2426,9.73,143.3700965465308,1
463,None,Business,HKG-BKK,9600,15,0.22,17114.0,2097,10015.1128,4.515000000000001,210.46802247095636,1
464,Silver,Economy,HKG-SIN,9600,35,0.26,49202.0,4963,34028.103200000005,10.184999999999999,140.13108387380905,0
465,None,Economy,HKG-BKK,1690,15,0.24,22231.0,1756,14192.2704,6.220000000000001,179.31631503020816,1
466,Silver,Business,HKG-BKK,12970,30,0.21,13005.0,4482,7264.593,7.59,162.3282511858913,0
467,Gold,Economy,HKG-LHR,9600,35,0.15,20827.0,4770,8309.973,11.149999999999999,133.92990603648502,1
468,None,Business,HKG-LHR,9600,35,0.19,24808.0,4840,12537.963200000002,10.8,136.08276348795434,0
469,Gold,Economy,HKG-LHR,7390,20,0.29,8119.0,2733,6262.9965999999995,6.334999999999999,177.6812857490792,1
470,None,Economy,HKG-SYD,7390,30,0.23,31020.0,4010,18978.036000000004,9.95,141.7762410016672,0
471,Gold,Business,HKG-BKK,9600,30,0.21,31893.0,4179,17815.4298,9.105,148.2091521236173,1
472,None,Economy,HKG-JFK,1690,35,0.29,38252.0,4184,29507.592800000002,14.079999999999998,119.18282365569904,0
473,Gold,Economy,HKG-SIN,9600,30,0.22,6313.0,4194,3694.3676,9.030000000000001,148.8233659121359,1
474,None,Business,HKG-SYD,2560,35,0.21,29356.0,4136,16398.2616,14.32,118.17986481176636,0
475,Silver,Business,HKG-JFK,12970,20,0.25,7381.0,3028,4908.365000000001,4.859999999999999,202.86020648339488,1
476,None,Economy,HKG-BKK,1690,35,0.24,36551.0,4097,23334.1584,14.515,117.38334407431739,0
477,Gold,Economy,HKG-LHR,2560,30,0.14,7508.0,3440,2795.9792000000007,12.8,125.0,1
478,Silver,Economy,HKG-BKK,1690,30,0.19,46028.0,3437,23262.5512,12.815000000000001,124.92682212271646,0
479,None,Economy,HKG-SIN,2560,35,0.19,36594.0,4101,18494.6076,14.495000000000001,117.46429811433607,0
480,Silver,Business,HKG-SYD,12970,35,0.18,27833.0,5176,13326.4404,9.120000000000001,148.08721943977307,0
481,Silver,Economy,HKG-SYD,12970,35,0.2,24868.0,5211,13229.776000000002,8.945,149.52879220456305,0
482,Silver,Business,HKG-SIN,7390,25,0.18,10880.0,3279,5209.344,8.605,152.45425867386516,1
483,Silver,Business,HKG-JFK,2560,30,0.14,18095.0,3440,6738.578,12.8,125.0,0
484,Silver,Business,HKG-JFK,7390,30,0.18,44103.0,3935,21116.5164,10.325,139.1778001278442,0
485,Silver,Business,HKG-SYD,2560,25,0.11,45700.0,2829,13371.820000000002,10.855,135.73757432403056,1
486,None,Business,HKG-SYD,7390,35,0.22,5034.0,4660,2945.8968,11.7,130.7440900921227,0
487,Gold,Business,HKG-LHR,12970,20,0.27,31736.0,3048,22792.795200000004,4.76,204.98001542269694,1
488,Gold,Economy,HKG-JFK,1690,35,0.25,37369.0,4114,24850.385000000002,14.43,117.72856008638625,1
489,None,Business,HKG-SIN,7390,35,0.17,32844.0,4573,14852.056800000002,12.134999999999998,128.3793307943133,0
490,None,Business,HKG-JFK,2560,25,0.12,8676.0,2842,2769.3792,10.79,136.14580855202115,1
491,Silver,Business,HKG-LHR,2560,30,0.14,14798.0,3440,5510.775200000001,12.8,125.0,0
492,Silver,Business,HKG-SYD,12970,35,0.21,16265.0,5229,9085.629,8.855,150.2867577088257,0
493,Gold,Business,HKG-SYD,2560,30,0.14,42428.0,3440,15800.187200000004,12.8,125.0,1
494,Gold,Business,HKG-LHR,9600,15,0.21,25844.0,2089,14436.4584,4.555,209.5418660634908,1
495,Silver,Economy,HKG-SIN,1690,30,0.15,26907.0,3377,10735.893,13.114999999999998,123.48973264146792,0
496,Silver,Economy,HKG-SYD,7390,20,0.27,47070.0,2713,33805.674000000006,6.4350000000000005,176.2952951159817,1
497,Silver,Economy,HKG-BKK,1690,20,0.18,33669.0,2281,16120.717200000001,8.595,152.54292065209185,1
498,Gold,Business,HKG-SYD,12970,35,0.15,45440.0,5124,18130.56,9.379999999999999,146.02041508114226,1
499,None,Business,HKG-BKK,7390,30,0.26,25543.0,4055,17665.538800000002,9.724999999999998,143.40694787641496,0
500,None,Economy,HKG-LHR,7390,35,0.17,11725.0,4573,5302.045000000001,12.134999999999998,128.3793307943133,0
501,Silver,Business,HKG-LHR,9600,25,0.12,46847.0,3370,14953.562399999999,8.149999999999999,156.65208999759147,1
502,Silver,Business,HKG-SYD,12970,20,0.21,25642.0,2988,14323.6212,5.0600000000000005,198.81069312188603,1
503,Silver,Business,HKG-JFK,2560,35,0.22,13173.0,4153,7708.8396,14.235,118.53217733415553,0
504,None,Business,HKG-BKK,9600,25,0.24,18608.0,3520,11879.3472,7.399999999999999,164.39898730535728,1
505,Silver,Business,HKG-SIN,9600,35,0.15,7286.0,4770,2907.1139999999996,11.149999999999999,133.92990603648502,0
506,Gold,Business,HKG-SYD,1690,30,0.19,26074.0,3437,13177.799600000002,12.815000000000001,124.92682212271646,1
507,None,Business,HKG-SIN,1690,30,0.16,43391.0,3392,18467.209600000002,13.04,123.84435115451748,0
508,None,Business,HKG-SYD,1690,30,0.12,47011.0,3332,15005.9112,13.34,122.44387999457523,0
509,None,Economy,HKG-JFK,9600,30,0.28,46967.0,4284,34981.02160000001,8.579999999999998,152.67620413811485,0
510,None,Economy,HKG-JFK,2560,15,0.25,10635.0,1802,7072.275000000001,5.99,182.72652143588817,1
511,Silver,Economy,HKG-JFK,7390,25,0.16,22192.0,3254,9444.915200000001,8.73,151.35886972883327,1
512,Silver,Economy,HKG-JFK,1690,25,0.22,6270.0,2901,3669.2040000000006,10.495,138.0459838736693,1
513,None,Economy,HKG-LHR,2560,30,0.14,43482.0,3440,16192.696800000002,12.8,125.0,0
514,None,Business,HKG-LHR,12970,15,0.28,21144.0,2293,15748.051200000002,3.535,237.85938341813755,1
515,Gold,Business,HKG-BKK,1690,30,0.12,33400.0,3332,10661.28,13.34,122.44387999457523,1
516,Gold,Business,HKG-SIN,7390,15,0.1,37170.0,1907,9887.220000000001,5.465,191.30217805943462,1
517,Silver,Economy,HKG-SYD,12970,30,0.2,24343.0,4467,12950.476000000002,7.664999999999999,161.53212941193732,0
518,None,Economy,HKG-SYD,12970,20,0.22,18790.0,2998,10995.908000000001,5.01,199.80029950087342,1
519,None,Business,HKG-LHR,7390,20,0.22,48300.0,2663,28265.16,6.6850000000000005,172.96741384666876,1
520,Gold,Economy,HKG-SYD,1690,35,0.11,48402.0,3869,14162.425200000001,15.655000000000001,113.02862953914219,1
521,Silver,Business,HKG-LHR,9600,30,0.16,18025.0,4104,7671.4400000000005,9.48,145.24822344353169,0
522,Silver,Economy,HKG-BKK,7390,25,0.2,26583.0,3304,14142.156,8.48,153.5737792084878,1
523,None,Business,HKG-SIN,7390,35,0.14,48778.0,4520,18164.927200000002,12.399999999999999,127.00012700019052,0
524,None,Business,HKG-BKK,7390,20,0.27,5219.0,2713,3748.2858000000006,6.4350000000000005,176.2952951159817,1
525,None,Business,HKG-JFK,12970,30,0.12,23571.0,4347,7523.863200000001,8.265,155.55843629401252,0
526,Silver,Business,HKG-JFK,2560,35,0.2,9521.0,4118,5065.1720000000005,14.41,117.81023096688969,0
527,Silver,Business,HKG-JFK,9600,30,0.24,27912.0,4224,17819.020800000002,8.879999999999999,150.07505629691607,0
528,Gold,Business,HKG-BKK,1690,20,0.15,6110.0,2251,2437.8900000000003,8.745,151.2290036648289,1
529,Gold,Economy,HKG-SYD,1690,35,0.22,23310.0,4062,13641.012,14.690000000000001,116.6820632324892,1
530,None,Business,HKG-SIN,2560,20,0.27,14931.0,2423,10723.444200000002,7.885,159.26272746684188,1
531,None,Business,HKG-JFK,7390,15,0.14,28999.0,1937,10799.227600000002,5.3149999999999995,193.98286237113084,1
532,None,Economy,HKG-JFK,9600,20,0.28,49820.0,2856,37105.93600000001,5.719999999999999,186.98939800169146,1
533,None,Economy,HKG-JFK,1690,30,0.21,41024.0,3467,22916.0064,12.665,125.66444015685916,0
534,Silver,Business,HKG-SIN,1690,25,0.16,43054.0,2826,18323.7824,10.87,135.64388681189737,1
535,None,Business,HKG-JFK,7390,20,0.19,33587.0,2633,16974.8698,6.834999999999999,171.05892498099806,1
536,None,Business,HKG-SIN,2560,25,0.16,6870.0,2892,2923.8720000000003,10.54,137.750978465894,1
537,None,Business,HKG-JFK,9600,15,0.25,14306.0,2119,9513.49,4.404999999999999,213.07968272885023,1
538,Gold,Economy,HKG-BKK,2560,35,0.26,46628.0,4223,32247.924800000004,13.884999999999998,120.0168035288234,1
539,Silver,Business,HKG-BKK,2560,35,0.27,21475.0,4241,15423.345000000001,13.794999999999998,120.40766804528246,0
540,Gold,Business,HKG-SIN,9600,25,0.3,9664.0,3595,7711.872,7.024999999999999,168.72981624383914,1
541,None,Economy,HKG-BKK,9600,35,0.26,36608.0,4963,25318.092800000002,10.184999999999999,140.13108387380905,0
542,Silver,Business,HKG-SIN,1690,20,0.22,18476.0,2321,10812.1552,8.395,154.34929408994114,1
543,Gold,Business,HKG-BKK,1690,25,0.17,17099.0,2839,7732.167800000001,10.805,136.05127378176206,1
544,Silver,Business,HKG-BKK,9600,30,0.21,49909.0,4179,27879.1674,9.105,148.2091521236173,0
545,Silver,Economy,HKG-SIN,12970,20,0.11,43616.0,2888,12762.0416,5.5600000000000005,189.6608104527204,1
546,Silver,Business,HKG-SYD,1690,20,0.25,23357.0,2351,15532.405,8.245,155.7469920435853,1
547,Gold,Economy,HKG-BKK,12970,20,0.19,49112.0,2968,24821.204800000003,5.16,196.87480773953945,1
548,Silver,Business,HKG-JFK,9600,30,0.1,34255.0,4014,9111.83,9.93,141.9189448535977,0
549,Silver,Business,HKG-SYD,1690,15,0.11,38391.0,1658,11233.206600000001,6.709999999999999,172.64489368196223,1
550,None,Economy,HKG-SIN,2560,35,0.18,6418.0,4083,3072.9384,14.585,117.10131744114508,0
551,Silver,Economy,HKG-SYD,9600,25,0.22,10472.0,3495,6128.214400000001,7.524999999999999,163.0278291878445,1
552,None,Economy,HKG-LHR,7390,15,0.19,33489.0,1975,16925.3406,5.125,197.54591932991795,1
553,Silver,Economy,HKG-LHR,12970,25,0.22,45456.0,3747,26600.8512,6.265000000000001,178.67116129552397,1
554,Silver,Economy,HKG-BKK,9600,35,0.2,33068.0,4858,17592.176000000003,10.71,136.6533436151313,0
555,None,Business,HKG-BKK,9600,30,0.23,11031.0,4209,6748.765800000001,8.954999999999998,149.4452798874068,0
556,Silver,Business,HKG-JFK,1690,20,0.14,10209.0,2241,3801.831600000001,8.795,150.79851886422153,1
557,Gold,Economy,HKG-SYD,1690,20,0.12,42988.0,2221,13721.7696,8.895,149.94846407169115,1
558,Gold,Business,HKG-LHR,1690,30,0.22,11269.0,3482,6594.6188,12.59,126.03818274920818,1
559,None,Economy,HKG-BKK,7390,15,0.2,28410.0,1982,15114.12,5.09,198.22394114938214,1
560,Silver,Economy,HKG-SYD,1690,15,0.11,6670.0,1658,1951.6420000000003,6.709999999999999,172.64489368196223,1
561,None,Business,HKG-BKK,9600,25,0.18,8630.0,3445,4132.044,7.774999999999999,160.38538795292513,1
562,Gold,Business,HKG-BKK,1690,30,0.12,35256.0,3332,11253.7152,13.34,122.44387999457523,1
563,Gold,Economy,HKG-LHR,2560,15,0.21,36013.0,1772,20116.8618,6.140000000000001,180.48071892110838,1
564,Gold,Business,HKG-LHR,1690,30,0.18,20366.0,3422,9751.2408,12.89,124.56285080792118,1
565,Silver,Economy,HKG-BKK,7390,35,0.22,14702.0,4660,8603.610400000001,11.7,130.7440900921227,0
566,Silver,Business,HKG-SIN,2560,20,0.26,41617.0,2413,28782.3172,7.9350000000000005,158.7601615957003,1
567,Silver,Economy,HKG-BKK,9600,20,0.16,14770.0,2736,6286.112000000001,6.32,177.892016741205,1
568,Silver,Business,HKG-BKK,9600,20,0.29,29391.0,2866,22672.2174,5.67,187.81205660633702,1
569,None,Economy,HKG-JFK,12970,30,0.21,48569.0,4482,27130.6434,7.59,162.3282511858913,0
570,Silver,Business,HKG-JFK,2560,30,0.22,11653.0,3560,6819.3356,12.2,128.036879932896,0
571,Silver,Business,HKG-JFK,12970,25,0.24,47339.0,3772,30221.2176,6.140000000000001,180.48071892110838,1
572,None,Business,HKG-SIN,2560,20,0.23,13230.0,2383,8094.1140000000005,8.084999999999999,157.28053787519437,1
573,Silver,Economy,HKG-SIN,2560,25,0.2,30535.0,2942,16244.62,10.29,139.41429613550474,1
574,Silver,Economy,HKG-BKK,7390,20,0.19,21965.0,2633,11101.111,6.834999999999999,171.05892498099806,1
575,None,Business,HKG-JFK,12970,25,0.11,48422.0,3610,14168.2772,6.949999999999999,169.6377859359942,1
576,None,Business,HKG-SIN,7390,25,0.1,17309.0,3179,4604.194,9.105,148.2091521236173,1
577,Gold,Business,HKG-LHR,2560,35,0.17,22985.0,4066,10393.817000000001,14.669999999999998,116.76157401734312,1
578,None,Economy,HKG-BKK,9600,25,0.17,49229.0,3432,22261.3538,7.84,159.719141249985,1
579,Silver,Economy,HKG-SYD,2560,30,0.18,29141.0,3500,13952.7108,12.5,126.49110640673517,0
580,Gold,Business,HKG-BKK,7390,25,0.13,27618.0,3216,9550.3044,8.919999999999998,149.73818705886995,1
581,Silver,Business,HKG-SYD,12970,20,0.25,16600.0,3028,11039.0,4.859999999999999,202.86020648339488,1
582,None,Business,HKG-JFK,12970,25,0.27,36561.0,3810,26258.110200000003,5.949999999999999,183.33969940564225,1
583,Silver,Business,HKG-SYD,7390,15,0.29,5647.0,2050,4356.0958,4.75,205.19567041703084,1
584,Silver,Business,HKG-JFK,12970,20,0.2,7228.0,2978,3845.2960000000007,5.109999999999999,197.83564706223268,1
585,Silver,Economy,HKG-LHR,1690,15,0.24,31971.0,1756,20410.2864,6.220000000000001,179.31631503020816,1
586,Gold,Business,HKG-SYD,9600,20,0.27,20375.0,2846,14633.325,5.77,186.17745583356376,1
587,Gold,Economy,HKG-BKK,9600,30,0.18,47899.0,4134,22934.0412,9.329999999999998,146.41115812672402,1
588,Gold,Business,HKG-JFK,9600,30,0.16,45644.0,4104,19426.0864,9.48,145.24822344353169,1
589,Gold,Business,HKG-BKK,12970,30,0.29,37117.0,4602,28632.053799999998,6.989999999999998,169.1517167823457,1
590,Gold,Economy,HKG-SIN,12970,15,0.2,41817.0,2233,22246.644,3.834999999999999,228.3664568011611,1
591,Gold,Economy,HKG-JFK,2560,35,0.2,35030.0,4118,18635.960000000003,14.41,117.81023096688969,1
592,Silver,Economy,HKG-SYD,2560,20,0.14,10651.0,2293,3966.4324000000006,8.535,153.0781606146884,1
593,Gold,Business,HKG-JFK,9600,30,0.12,39449.0,4044,12592.1208,9.780000000000001,143.00313895335043,1
594,Silver,Business,HKG-BKK,1690,20,0.27,14459.0,2371,10384.453800000001,8.145,156.70016490742282,1
595,None,Economy,HKG-LHR,2560,15,0.22,19555.0,1780,11443.586000000001,6.1,181.07149208503705,1
596,Silver,Business,HKG-JFK,2560,35,0.17,41866.0,4066,18931.805200000003,14.669999999999998,116.76157401734312,0
597,Silver,Business,HKG-SYD,12970,15,0.14,29144.0,2188,10853.225600000002,4.0600000000000005,221.94838080923765,1
598,Gold,Business,HKG-SIN,1690,20,0.21,43697.0,2311,24409.1442,8.445,153.89169066936392,1
599,Gold,Business,HKG-LHR,9600,35,0.22,14587.0,4893,8536.3124,10.535,137.78366347726057,1
600,Gold,Economy,HKG-SIN,2560,35,0.14,32350.0,4013,12047.140000000001,14.934999999999999,115.72105500358012,1
601,Gold,Business,HKG-JFK,1690,15,0.27,8771.0,1778,6299.332200000001,6.109999999999999,180.923255062985,1
602,Gold,Business,HKG-BKK,1690,30,0.12,33938.0,3332,10833.009600000001,13.34,122.44387999457523,1
603,Gold,Business,HKG-BKK,9600,20,0.17,39314.0,2746,17777.790800000002,6.27,178.59990659227327,1
604,Gold,Business,HKG-SYD,1690,25,0.24,31322.0,2926,19995.9648,10.37,138.87549490757718,1
605,Gold,Business,HKG-BKK,1690,25,0.15,16980.0,2814,6775.02,10.93,135.2710673615826,1
606,Silver,Business,HKG-LHR,1690,15,0.27,6410.0,1778,4603.662,6.109999999999999,180.923255062985,1
607,Gold,Business,HKG-BKK,2560,20,0.25,10375.0,2403,6899.375,7.984999999999999,158.26232355089917,1
608,Silver,Economy,HKG-SYD,9600,20,0.26,33004.0,2836,22825.566400000003,5.82,185.37599944001616,1
609,Silver,Business,HKG-JFK,1690,15,0.12,47049.0,1666,15018.0408,6.67,173.16179571791196,1
610,Silver,Business,HKG-JFK,1690,20,0.13,14294.0,2231,4942.8652,8.845,150.3716894803458,1
611,Gold,Economy,HKG-BKK,2560,30,0.16,38076.0,3470,16205.1456,12.649999999999999,125.7389226923863,1
612,None,Economy,HKG-SIN,9600,15,0.2,43990.0,2082,23402.68,4.59,208.7414303617165,1
613,Silver,Business,HKG-JFK,12970,30,0.25,28440.0,4542,18912.600000000002,7.289999999999999,165.63466499998444,0
614,Gold,Business,HKG-BKK,2560,20,0.27,35117.0,2423,25221.029400000003,7.885,159.26272746684188,1
615,None,Business,HKG-SYD,9600,15,0.24,41676.0,2112,26605.9584,4.4399999999999995,212.23817998900446,1
616,None,Economy,HKG-BKK,1690,20,0.29,16730.0,2391,12905.522,8.045,157.67105501977952,1
617,Gold,Economy,HKG-JFK,9600,15,0.25,18360.0,2119,12209.400000000001,4.404999999999999,213.07968272885023,1
618,Gold,Economy,HKG-SYD,9600,20,0.16,5028.0,2736,2139.9168,6.32,177.892016741205,1
619,None,Business,HKG-BKK,9600,30,0.15,48339.0,4089,19287.261,9.555,144.6770524405238,0
620,None,Economy,HKG-LHR,12970,30,0.24,46290.0,4527,29551.536000000004,7.364999999999998,164.78915327575044,0
621,Gold,Business,HKG-SYD,9600,20,0.14,39406.0,2716,14674.7944,6.42,176.50112740455194,1
622,Gold,Business,HKG-LHR,12970,15,0.12,8558.0,2173,2731.7136,4.135,219.92633701358466,1
623,Silver,Business,HKG-SIN,1690,25,0.21,25138.0,2889,14042.0868,10.555,137.6530628190237,1
624,Silver,Economy,HKG-SYD,12970,30,0.26,9585.0,4557,6628.986,7.215,166.4933263528233,0
625,Silver,Business,HKG-LHR,1690,30,0.12,5716.0,3332,1824.5472,13.34,122.44387999457523,0
626,Silver,Economy,HKG-JFK,1690,25,0.26,32728.0,2951,22634.684800000003,10.245,139.72014139406025,1
627,Silver,Business,HKG-JFK,12970,20,0.26,48237.0,3038,33360.709200000005,4.8100000000000005,203.91184757154642,1
628,None,Business,HKG-SIN,2560,15,0.2,45629.0,1765,24274.628000000004,6.174999999999999,179.96850826633903,1
629,Gold,Business,HKG-SYD,7390,20,0.11,36354.0,2553,10637.180400000001,7.234999999999999,166.26304501667533,1
630,Gold,Business,HKG-SYD,9600,35,0.13,9349.0,4735,3232.8842000000004,11.325,132.8910988370191,1
631,None,Economy,HKG-SYD,7390,30,0.24,17337.0,4025,11067.9408,9.875,142.313613392964,0
632,None,Business,HKG-SIN,9600,35,0.24,19403.0,4928,12386.875200000002,10.36,138.94250359418209,0
633,Silver,Economy,HKG-SYD,9600,30,0.28,39342.0,4284,29301.9216,8.579999999999998,152.67620413811485,0
634,Silver,Economy,HKG-JFK,1690,30,0.22,41101.0,3482,24052.3052,12.59,126.03818274920818,0
635,Gold,Economy,HKG-LHR,9600,35,0.12,22330.0,4718,7127.736,11.41,132.3951803735789,1
636,Silver,Business,HKG-JFK,9600,35,0.12,23805.0,4718,7598.5560000000005,11.41,132.3951803735789,0
637,Silver,Business,HKG-JFK,12970,20,0.24,7003.0,3018,4470.715200000001,4.91,201.8246703354378,1
638,Gold,Business,HKG-LHR,7390,35,0.14,18011.0,4520,6707.296400000001,12.399999999999999,127.00012700019052,1
639,Gold,Economy,HKG-JFK,12970,20,0.17,25308.0,2948,11444.277600000001,5.26,194.99439399175796,1
640,Silver,Economy,HKG-SIN,9600,20,0.2,10264.0,2776,5460.448000000001,6.119999999999999,180.77538151554683,1
641,Gold,Business,HKG-LHR,1690,20,0.1,25397.0,2201,6755.602000000001,8.995,149.1126244278386,1
642,Silver,Economy,HKG-JFK,12970,30,0.15,43393.0,4392,17313.807,8.04,157.72007446912795,0
643,Gold,Business,HKG-BKK,12970,30,0.18,31159.0,4437,14918.9292,7.815000000000001,159.97440614236206,1
644,Silver,Economy,HKG-JFK,2560,35,0.16,8552.0,4048,3639.7312,14.759999999999998,116.40504929492973,0
645,Gold,Business,HKG-SIN,9600,30,0.13,13625.0,4059,4711.525000000001,9.704999999999998,143.55463787217406,1
646,None,Economy,HKG-SYD,1690,35,0.25,26354.0,4114,17525.41,14.43,117.72856008638625,0
647,Silver,Business,HKG-JFK,12970,30,0.26,21267.0,4557,14708.257200000002,7.215,166.4933263528233,0
648,Silver,Economy,HKG-SYD,12970,15,0.15,21143.0,2196,8436.057,4.02,223.0498683727353,1
649,None,Economy,HKG-BKK,1690,15,0.25,28817.0,1763,19163.305,6.1850000000000005,179.82296153143776,1
650,Silver,Economy,HKG-JFK,9600,35,0.18,31298.0,4823,14985.482399999999,10.884999999999998,135.55039302469842,0
651,Gold,Business,HKG-LHR,2560,30,0.2,40859.0,3530,21736.988,12.349999999999998,127.25695259515557,1
652,Silver,Business,HKG-SYD,12970,30,0.27,20343.0,4572,14610.342600000002,7.140000000000001,167.36548175114459,0
653,Silver,Business,HKG-BKK,2560,20,0.25,41246.0,2403,27428.59,7.984999999999999,158.26232355089917,1
654,None,Business,HKG-LHR,7390,25,0.26,20238.0,3379,13996.6008,8.105,157.08636429761123,1
655,Silver,Business,HKG-LHR,9600,35,0.13,7494.0,4735,2591.4252,11.325,132.8910988370191,0
656,Gold,Economy,HKG-LHR,7390,25,0.11,29938.0,3191,8759.8588,9.045,148.69991224849016,1
657,Gold,Business,HKG-LHR,7390,25,0.28,31456.0,3404,23428.4288,7.98,158.31189671532587,1
658,Silver,Business,HKG-JFK,7390,35,0.18,47054.0,4590,22529.4552,12.05,128.83132528016617,0
659,Silver,Business,HKG-JFK,9600,30,0.16,37673.0,4104,16033.628800000002,9.48,145.24822344353169,0
660,Silver,Business,HKG-JFK,9600,35,0.24,46300.0,4928,29557.920000000002,10.36,138.94250359418209,0
661,Silver,Economy,HKG-BKK,1690,25,0.27,45876.0,2964,32948.143200000006,10.18,140.16549298025123,1
662,None,Business,HKG-BKK,2560,30,0.27,32206.0,3635,23130.349200000004,11.825,130.05121775247105,0
663,Silver,Economy,HKG-BKK,2560,15,0.16,28749.0,1735,12235.574400000001,6.324999999999999,177.82168978975483,1
664,Gold,Business,HKG-SIN,1690,35,0.27,30085.0,4149,21607.047000000002,14.254999999999999,118.44899684858896,1
665,Gold,Economy,HKG-BKK,1690,35,0.11,49025.0,3869,14344.715,15.655000000000001,113.02862953914219,1
666,Gold,Economy,HKG-JFK,7390,30,0.11,39793.0,3830,11643.431800000002,10.849999999999998,135.76884666042614,1
667,Gold,Business,HKG-JFK,1690,15,0.22,9782.0,1741,5724.4264,6.295,178.24490742078888,1
668,Gold,Economy,HKG-SIN,12970,15,0.11,40029.0,2166,11712.4854,4.17,219.00143993920142,1
669,Gold,Business,HKG-SIN,2560,30,0.16,12674.0,3470,5394.054400000001,12.649999999999999,125.7389226923863,1
670,Gold,Economy,HKG-BKK,1690,20,0.23,25131.0,2331,15375.1458,8.345,154.81100404763245,1
671,Gold,Business,HKG-SYD,12970,35,0.17,14471.0,5159,6543.7862000000005,9.204999999999998,147.40190672969683,1
672,None,Economy,HKG-SIN,12970,35,0.14,36031.0,5106,13417.9444,9.469999999999999,145.32489181701183,0
673,Gold,Economy,HKG-LHR,12970,25,0.16,44479.0,3672,18930.262400000003,6.640000000000001,173.5525336251558,1
674,Silver,Economy,HKG-JFK,12970,30,0.19,18066.0,4452,9130.5564,7.739999999999998,160.74760739013738,0
675,Silver,Economy,HKG-LHR,7390,25,0.2,8690.0,3304,4623.08,8.48,153.5737792084878,1
676,None,Business,HKG-JFK,12970,25,0.26,18432.0,3797,12747.5712,6.015000000000001,182.34639512147982,1
677,Gold,Business,HKG-JFK,7390,15,0.25,35256.0,2020,23445.24,4.9,202.0305089104421,1
678,Silver,Business,HKG-SIN,7390,35,0.19,19794.0,4608,10003.8876,11.96,129.31515002796792,0
679,None,Business,HKG-SIN,12970,25,0.27,17515.0,3810,12579.273000000001,5.949999999999999,183.33969940564225,1
680,None,Economy,HKG-LHR,2560,15,0.12,13300.0,1705,4245.360000000001,6.475,175.7499100654987,1
681,None,Business,HKG-JFK,12970,30,0.15,27388.0,4392,10927.812,8.04,157.72007446912795,0
682,Gold,Economy,HKG-LHR,12970,25,0.27,17418.0,3810,12509.607600000003,5.949999999999999,183.33969940564225,1
683,Gold,Economy,HKG-SYD,12970,35,0.18,37895.0,5176,18144.126,9.120000000000001,148.08721943977307,1
684,Silver,Economy,HKG-LHR,2560,25,0.3,8448.0,3066,6741.504000000001,9.67,143.81419703158195,1
685,None,Business,HKG-BKK,9600,30,0.19,34881.0,4149,17628.8574,9.254999999999999,147.00319919193402,0
686,Silver,Economy,HKG-LHR,9600,25,0.26,15690.0,3545,10851.204000000002,7.274999999999999,165.8053344579357,1
687,Silver,Economy,HKG-BKK,7390,35,0.18,27018.0,4590,12936.2184,12.05,128.83132528016617,0
688,Gold,Business,HKG-BKK,7390,15,0.18,17874.0,1967,8558.0712,5.164999999999999,196.77949192289506,1
689,None,Economy,HKG-BKK,2560,35,0.18,37525.0,4083,17966.97,14.585,117.10131744114508,0
690,Gold,Economy,HKG-SYD,1690,15,0.24,47539.0,1756,30348.897599999997,6.220000000000001,179.31631503020816,1
691,Silver,Business,HKG-LHR,9600,20,0.21,46268.0,2786,25845.304799999998,6.07,181.51839895669616,1
692,Silver,Business,HKG-LHR,7390,35,0.29,31254.0,4783,24109.335600000002,11.085,134.3219998330579,0
693,Silver,Business,HKG-SYD,9600,35,0.15,25817.0,4770,10300.983,11.149999999999999,133.92990603648502,0
694,Gold,Business,HKG-JFK,2560,30,0.12,41824.0,3410,13350.220800000001,12.95,124.27395320024002,1
695,Gold,Business,HKG-SIN,2560,25,0.18,35750.0,2917,17117.100000000002,10.415,138.57515106107104,1
696,Silver,Business,HKG-LHR,1690,15,0.22,13260.0,1741,7759.7519999999995,6.295,178.24490742078888,1
697,Gold,Business,HKG-SIN,1690,15,0.27,41941.0,1778,30122.026200000004,6.109999999999999,180.923255062985,1
698,Silver,Business,HKG-SYD,2560,30,0.17,24300.0,3485,10988.460000000001,12.575,126.11333222388635,0
699,Gold,Economy,HKG-JFK,7390,30,0.23,13504.0,4010,8261.7472,9.95,141.7762410016672,1
700,Silver,Business,HKG-JFK,9600,25,0.17,17681.0,3432,7995.348200000001,7.84,159.719141249985,1
701,Silver,Economy,HKG-JFK,12970,25,0.22,17039.0,3747,9971.2228,6.265000000000001,178.67116129552397,1
702,Gold,Business,HKG-SYD,1690,35,0.28,28364.0,4167,21125.507200000004,14.165,118.82469505073622,1
703,Silver,Business,HKG-BKK,12970,20,0.15,15547.0,2928,6203.253,5.359999999999999,193.16685232156397,1
704,Gold,Business,HKG-BKK,7390,25,0.18,10560.0,3279,5056.128,8.605,152.45425867386516,1
705,Gold,Business,HKG-SIN,1690,30,0.3,10566.0,3602,8431.668,11.989999999999998,129.15326995195568,1
706,None,Business,HKG-BKK,12970,25,0.27,31247.0,3810,22441.595400000002,5.949999999999999,183.33969940564225,1
707,Silver,Economy,HKG-BKK,7390,15,0.21,38064.0,1990,21262.5504,5.049999999999999,199.00743804199786,1
708,None,Business,HKG-JFK,9600,20,0.2,19469.0,2776,10357.508000000002,6.119999999999999,180.77538151554683,1
709,Gold,Economy,HKG-JFK,7390,35,0.16,6559.0,4555,2791.5104,12.224999999999998,127.90589587821589,1
710,Silver,Economy,HKG-SIN,1690,15,0.2,10725.0,1726,5705.700000000001,6.369999999999999,177.19247798458352,1
711,None,Business,HKG-LHR,2560,15,0.27,46161.0,1817,33152.830200000004,5.914999999999999,183.88132451298364,1
712,Silver,Business,HKG-SIN,9600,20,0.24,27209.0,2816,17370.2256,5.92,183.80365552345194,1
713,Silver,Economy,HKG-SIN,12970,35,0.16,25411.0,5141,10814.921600000001,9.294999999999998,146.6865521916296,0
714,Silver,Business,HKG-SYD,1690,30,0.14,6712.0,3362,2499.5488000000005,13.190000000000001,123.1381430526315,0
715,Silver,Business,HKG-SYD,2560,35,0.15,37789.0,4031,15077.811,14.844999999999999,116.07131290731118,0
716,None,Economy,HKG-SIN,7390,25,0.13,28763.0,3216,9946.2454,8.919999999999998,149.73818705886995,1
717,None,Business,HKG-SIN,2560,15,0.12,14094.0,1705,4498.8048,6.475,175.7499100654987,1
718,None,Economy,HKG-SIN,1690,25,0.18,9953.0,2851,4765.4964,10.745,136.4305996306864,1
719,Gold,Economy,HKG-BKK,1690,30,0.12,22252.0,3332,7102.8384,13.34,122.44387999457523,1
720,None,Business,HKG-SYD,2560,25,0.13,42672.0,2854,14755.977600000002,10.73,136.52592788242302,1
721,None,Business,HKG-SIN,7390,35,0.21,43938.0,4643,24543.7668,11.785,130.27173714399856,0
722,Gold,Business,HKG-JFK,2560,25,0.13,32128.0,2854,11109.862400000002,10.73,136.52592788242302,1
723,Gold,Business,HKG-JFK,1690,30,0.11,37739.0,3317,11042.431400000001,13.415,122.1011232897133,1
724,None,Business,HKG-BKK,1690,30,0.16,10182.0,3392,4333.4592,13.04,123.84435115451748,0
725,Silver,Economy,HKG-BKK,12970,30,0.14,31466.0,4377,11717.938400000003,8.114999999999998,156.98954680656644,0
726,None,Business,HKG-LHR,12970,35,0.2,35013.0,5211,18626.916,8.945,149.52879220456305,0
727,Gold,Business,HKG-LHR,9600,30,0.12,14032.0,4044,4479.0144,9.780000000000001,143.00313895335043,1
728,None,Economy,HKG-LHR,1690,15,0.25,44607.0,1763,29663.655000000002,6.1850000000000005,179.82296153143776,1
729,Gold,Economy,HKG-BKK,12970,30,0.28,13775.0,4587,10259.620000000003,7.065000000000001,168.25148837502292,1
730,Gold,Economy,HKG-BKK,2560,25,0.25,19106.0,3004,12705.49,9.98,141.5629900797544,1
731,Gold,Business,HKG-BKK,7390,25,0.21,32925.0,3316,18391.905000000002,8.419999999999998,154.11998287418845,1
732,None,Economy,HKG-JFK,2560,25,0.27,33726.0,3029,24222.0132,9.855,142.45794772356274,1
733,Silver,Business,HKG-BKK,7390,35,0.24,36472.0,4695,23283.7248,11.524999999999999,131.73298438775686,0
734,Silver,Business,HKG-JFK,12970,25,0.1,10041.0,3597,2670.9060000000004,7.015000000000001,168.85003700454496,1
735,Silver,Business,HKG-LHR,9600,35,0.18,43226.0,4823,20696.608799999998,10.884999999999998,135.55039302469842,0
736,None,Economy,HKG-LHR,2560,35,0.27,28978.0,4241,20811.999600000003,13.794999999999998,120.40766804528246,0
737,Silver,Business,HKG-LHR,2560,30,0.17,26209.0,3485,11851.709800000002,12.575,126.11333222388635,0
738,None,Business,HKG-SIN,2560,15,0.11,49149.0,1697,14380.997400000002,6.515000000000001,175.2095554888843,1
739,Silver,Business,HKG-SIN,7390,30,0.25,38317.0,4040,25480.805,9.8,142.85714285714286,0
740,Silver,Business,HKG-SYD,12970,30,0.26,10310.0,4557,7130.396,7.215,166.4933263528233,0
741,Silver,Economy,HKG-SYD,2560,35,0.13,39044.0,3996,13501.415200000001,15.02,115.39315069663539,0
742,Silver,Economy,HKG-SYD,2560,35,0.21,9286.0,4136,5187.1596,14.32,118.17986481176636,0
743,None,Economy,HKG-SIN,9600,25,0.14,6236.0,3395,2322.2864000000004,8.024999999999999,157.86740759277168,1
744,Silver,Business,HKG-SIN,9600,25,0.24,23163.0,3520,14787.2592,7.399999999999999,164.39898730535728,1
745,Gold,Business,HKG-SYD,12970,30,0.15,49711.0,4392,19834.689,8.04,157.72007446912795,1
746,None,Business,HKG-SYD,12970,20,0.16,12870.0,2938,5477.472,5.3100000000000005,194.074169913194,1
747,Silver,Business,HKG-BKK,1690,20,0.27,35269.0,2371,25330.195800000005,8.145,156.70016490742282,1
748,Silver,Business,HKG-SYD,9600,25,0.2,12803.0,3470,6811.196000000002,7.649999999999999,161.69041669088867,1
749,None,Economy,HKG-BKK,1690,20,0.23,37615.0,2331,23012.857000000004,8.345,154.81100404763245,1
750,Silver,Business,HKG-JFK,7390,25,0.18,27741.0,3279,13282.390800000001,8.605,152.45425867386516,1
751,Gold,Business,HKG-SIN,1690,35,0.16,35599.0,3957,15150.934400000002,15.215,114.65130951532436,1
752,None,Business,HKG-SYD,2560,30,0.23,14129.0,3575,8644.1222,12.125,128.43225981358714,0
753,Silver,Business,HKG-SIN,1690,15,0.13,38553.0,1673,13331.627400000001,6.635,173.6179141261095,1
754,Silver,Business,HKG-SIN,12970,30,0.17,49803.0,4422,22520.9166,7.890000000000001,159.21225599434428,0
755,Gold,Economy,HKG-SIN,7390,25,0.14,34954.0,3229,13016.869600000002,8.855,150.2867577088257,1
756,None,Economy,HKG-JFK,2560,25,0.24,27207.0,2992,17368.9488,10.04,141.13935923440917,1
757,Silver,Economy,HKG-LHR,1690,30,0.29,46543.0,3587,35903.2702,12.065000000000001,128.75121459238227,0
758,Silver,Business,HKG-SYD,7390,25,0.3,5713.0,3429,4558.974,7.855,159.56656760466956,1
759,None,Business,HKG-LHR,7390,20,0.19,37847.0,2633,19127.8738,6.834999999999999,171.05892498099806,1
760,None,Business,HKG-LHR,2560,20,0.15,44994.0,2303,17952.606,8.485,153.528523931475,1
761,Gold,Business,HKG-LHR,1690,25,0.19,7775.0,2864,3929.485,10.68,136.84513787599332,1
762,Silver,Economy,HKG-SIN,7390,25,0.27,25253.0,3391,18136.7046,8.044999999999998,157.67105501977954,1
763,Gold,Business,HKG-BKK,7390,20,0.14,14212.0,2583,5292.548800000001,7.084999999999999,168.01384491125455,1
764,None,Business,HKG-SIN,9600,25,0.29,30493.0,3582,23522.300199999998,7.09,167.9545912169726,1
765,Gold,Business,HKG-SIN,7390,25,0.17,34229.0,3266,15478.3538,8.669999999999998,151.88169985127126,1
766,Silver,Business,HKG-LHR,9600,30,0.3,18618.0,4314,14857.164,8.43,154.02854413408713,0
767,None,Economy,HKG-SIN,1690,15,0.27,25699.0,1778,18457.021800000002,6.109999999999999,180.923255062985,1
768,None,Business,HKG-LHR,1690,20,0.26,17570.0,2361,12151.412,8.195,156.22139762614472,1
769,Silver,Business,HKG-BKK,1690,30,0.16,21623.0,3392,9202.748800000001,13.04,123.84435115451748,0
770,None,Business,HKG-SYD,12970,15,0.1,12179.0,2158,3239.6140000000005,4.209999999999999,217.95857001338646,1
771,Gold,Business,HKG-LHR,1690,25,0.18,44850.0,2851,21474.18,10.745,136.4305996306864,1
772,None,Economy,HKG-BKK,7390,25,0.16,5450.0,3254,2319.52,8.73,151.35886972883327,1
773,Gold,Economy,HKG-SYD,2560,30,0.11,44708.0,3395,13081.560800000001,13.024999999999999,123.91564216175797,1
774,Silver,Economy,HKG-JFK,9600,25,0.2,30726.0,3470,16346.232000000004,7.649999999999999,161.69041669088867,1
775,None,Economy,HKG-LHR,12970,35,0.18,19925.0,5176,9540.09,9.120000000000001,148.08721943977307,0
776,Gold,Business,HKG-LHR,1690,30,0.23,37538.0,3497,22965.7484,12.515,126.41527997985504,1
777,Gold,Economy,HKG-JFK,1690,15,0.22,27849.0,1741,16297.2348,6.295,178.24490742078888,1
778,None,Business,HKG-JFK,2560,30,0.12,27460.0,3410,8765.232,12.95,124.27395320024002,0
779,None,Business,HKG-LHR,2560,20,0.3,9956.0,2453,7944.888,7.734999999999999,160.79955362105872,1
780,Silver,Economy,HKG-JFK,12970,30,0.14,22528.0,4377,8389.4272,8.114999999999998,156.98954680656644,0
781,Silver,Business,HKG-SIN,9600,25,0.19,15848.0,3457,8009.5792,7.715,161.00784328560374,1
782,Silver,Economy,HKG-SYD,1690,25,0.2,5706.0,2876,3035.592,10.62,137.23116159876972,1
783,Gold,Business,HKG-SYD,12970,35,0.26,21204.0,5316,14664.6864,8.419999999999998,154.11998287418845,1
784,Silver,Economy,HKG-SYD,7390,35,0.12,9042.0,4485,2886.2064,12.575,126.11333222388635,0
785,Gold,Economy,HKG-SIN,7390,35,0.19,16557.0,4608,8367.9078,11.96,129.31515002796792,1
786,None,Economy,HKG-JFK,12970,15,0.23,9163.0,2256,5605.923400000001,3.7200000000000006,231.8694478800841,1
787,Silver,Economy,HKG-BKK,1690,35,0.14,9542.0,3922,3553.4408000000003,15.39,113.99759467612822,0
788,Silver,Economy,HKG-JFK,12970,15,0.23,13956.0,2256,8538.2808,3.7200000000000006,231.8694478800841,1
789,Silver,Business,HKG-LHR,1690,35,0.28,49993.0,4167,37234.786400000005,14.165,118.82469505073622,0
790,None,Business,HKG-SYD,2560,15,0.3,5098.0,1840,4068.2039999999997,5.799999999999999,185.6953381770519,1
791,Gold,Business,HKG-JFK,12970,30,0.11,33740.0,4332,9872.324,8.34,154.85740327062774,1
792,Silver,Economy,HKG-BKK,1690,30,0.15,11356.0,3377,4531.044,13.114999999999998,123.48973264146792,0
793,Silver,Business,HKG-LHR,12970,25,0.16,46428.0,3672,19759.756800000003,6.640000000000001,173.5525336251558,1
794,Silver,Economy,HKG-SIN,12970,15,0.18,9213.0,2218,4411.1844,3.91,226.1656365159503,1
795,Gold,Business,HKG-SIN,1690,20,0.15,47978.0,2251,19143.222,8.745,151.2290036648289,1
796,None,Business,HKG-BKK,1690,25,0.14,32492.0,2801,12100.0208,10.995,134.870628392213,1
797,None,Economy,HKG-LHR,9600,30,0.29,5057.0,4299,3900.9698000000003,8.504999999999999,153.34790207607873,0
798,Silver,Business,HKG-SYD,12970,15,0.28,45230.0,2293,33687.304000000004,3.535,237.85938341813755,1
799,Silver,Business,HKG-JFK,7390,35,0.11,28477.0,4468,8332.3702,12.66,125.68925295997526,0
800,None,Business,HKG-LHR,12970,20,0.17,16820.0,2948,7606.004000000001,5.26,194.99439399175796,1
801,None,Economy,HKG-SIN,12970,30,0.18,39528.0,4437,18926.006400000002,7.815000000000001,159.97440614236206,0
802,Gold,Economy,HKG-BKK,1690,25,0.15,46700.0,2814,18633.3,10.93,135.2710673615826,1
803,Silver,Business,HKG-BKK,12970,15,0.23,26766.0,2256,16375.438800000002,3.7200000000000006,231.8694478800841,1
804,Silver,Business,HKG-JFK,12970,20,0.23,19200.0,3008,11746.560000000001,4.959999999999999,200.80483222562475,1
805,Silver,Business,HKG-BKK,7390,15,0.27,40503.0,2035,29089.254600000004,4.824999999999999,203.59463942371505,1
806,None,Economy,HKG-BKK,1690,35,0.25,35680.0,4114,23727.2,14.43,117.72856008638625,0
807,None,Economy,HKG-LHR,12970,25,0.21,44994.0,3735,25133.648400000002,6.324999999999999,177.82168978975483,1
808,None,Business,HKG-SYD,2560,15,0.23,36163.0,1787,22124.523400000002,6.0649999999999995,181.59320563572453,1
809,Silver,Business,HKG-JFK,9600,30,0.15,15959.0,4089,6367.6410000000005,9.555,144.6770524405238,0
810,Gold,Business,HKG-LHR,7390,25,0.22,46925.0,3329,27460.510000000002,8.355,154.718330585842,1
811,None,Economy,HKG-SYD,12970,30,0.2,9718.0,4467,5169.976000000001,7.664999999999999,161.53212941193732,0
812,None,Economy,HKG-LHR,2560,15,0.13,17057.0,1712,5898.3106,6.4399999999999995,176.22684421256037,1
813,Gold,Business,HKG-LHR,12970,25,0.15,28409.0,3660,11335.190999999999,6.699999999999999,172.77368511627202,1
814,None,Business,HKG-BKK,12970,30,0.16,30458.0,4407,12962.9248,7.965,158.46089618050945,0
815,None,Business,HKG-SYD,1690,35,0.28,5689.0,4167,4237.167200000001,14.165,118.82469505073622,0
816,Silver,Economy,HKG-JFK,1690,35,0.15,40126.0,3939,16010.274,15.305,114.31371290953535,0
817,Silver,Business,HKG-JFK,1690,15,0.16,21272.0,1696,9053.3632,6.52,175.1423610260147,1
818,Silver,Economy,HKG-SYD,2560,25,0.17,23289.0,2904,10531.285800000001,10.48,138.1447409988844,1
819,Gold,Economy,HKG-BKK,12970,20,0.23,41422.0,3008,25341.979600000006,4.959999999999999,200.80483222562475,1
820,Silver,Business,HKG-SIN,9600,25,0.12,22068.0,3370,7044.1056,8.149999999999999,156.65208999759147,1
821,None,Business,HKG-LHR,7390,35,0.29,7125.0,4783,5496.225,11.085,134.3219998330579,0
822,Gold,Business,HKG-BKK,1690,30,0.27,12940.0,3557,9293.508000000002,12.215,127.9582412439751,1
823,Silver,Economy,HKG-SYD,1690,20,0.22,48016.0,2321,28098.963200000002,8.395,154.34929408994114,1
824,Silver,Economy,HKG-LHR,12970,15,0.23,8168.0,2256,4997.182400000001,3.7200000000000006,231.8694478800841,1
825,Silver,Economy,HKG-JFK,12970,20,0.1,20972.0,2878,5578.552000000001,5.609999999999999,188.81372801234028,1
826,None,Business,HKG-SIN,2560,15,0.17,27643.0,1742,12500.164600000002,6.289999999999999,178.31573790537303,1
827,Silver,Business,HKG-JFK,2560,20,0.26,27198.0,2413,18810.136800000004,7.9350000000000005,158.7601615957003,1
828,Silver,Economy,HKG-SYD,1690,15,0.12,5178.0,1666,1652.8176,6.67,173.16179571791196,1
829,None,Economy,HKG-LHR,12970,15,0.16,27552.0,2203,11726.1312,3.9849999999999994,224.02724336929128,1
830,Silver,Business,HKG-SYD,9600,20,0.22,22270.0,2796,13032.404,6.02,182.2706541441223,1
831,Gold,Economy,HKG-LHR,7390,20,0.15,48744.0,2593,19448.856,7.035,168.60985190855678,1
832,Silver,Economy,HKG-BKK,12970,15,0.29,12162.0,2301,9381.7668,3.494999999999999,239.21665197228594,1
833,Gold,Business,HKG-SIN,12970,35,0.13,20937.0,5089,7240.0146,9.555,144.6770524405238,1
834,Gold,Economy,HKG-BKK,2560,20,0.26,23877.0,2413,16513.3332,7.9350000000000005,158.7601615957003,1
835,Silver,Economy,HKG-BKK,7390,25,0.2,22581.0,3304,12013.092,8.48,153.5737792084878,1
836,Silver,Economy,HKG-SYD,1690,30,0.25,34962.0,3527,23249.73,12.364999999999998,127.17974137199222,0
837,None,Business,HKG-SIN,12970,15,0.16,14698.0,2203,6255.4688,3.9849999999999994,224.02724336929128,1
838,Silver,Business,HKG-LHR,1690,15,0.2,14948.0,1726,7952.336000000001,6.369999999999999,177.19247798458352,1
839,Silver,Economy,HKG-LHR,12970,30,0.27,37814.0,4572,27158.014800000004,7.140000000000001,167.36548175114459,0
840,Silver,Business,HKG-JFK,1690,35,0.19,27513.0,4009,13905.070200000002,14.954999999999998,115.64364960695674,0
841,Gold,Business,HKG-LHR,7390,30,0.17,23682.0,3920,10709.000400000003,10.399999999999999,138.6750490563073,1
842,Silver,Business,HKG-SYD,2560,20,0.21,12614.0,2363,7046.1804,8.185,156.31680001526652,1
843,Gold,Business,HKG-BKK,7390,30,0.24,13439.0,4025,8579.4576,9.875,142.313613392964,1
844,None,Economy,HKG-BKK,9600,15,0.19,5475.0,2074,2767.065,4.629999999999999,207.83778356318635,1
845,Gold,Economy,HKG-BKK,2560,30,0.29,9114.0,3665,7030.5396,11.675,130.8839982007377,1
846,Silver,Business,HKG-SIN,7390,25,0.16,30058.0,3254,12792.6848,8.73,151.35886972883327,1
847,Gold,Business,HKG-LHR,9600,20,0.2,45134.0,2776,24011.288000000004,6.119999999999999,180.77538151554683,1
848,None,Business,HKG-SYD,12970,30,0.25,17922.0,4542,11918.130000000001,7.289999999999999,165.63466499998444,0
849,Silver,Economy,HKG-SIN,12970,15,0.24,19749.0,2263,12607.761600000002,3.6850000000000005,232.9679894853162,1
850,Silver,Economy,HKG-JFK,1690,20,0.27,10202.0,2371,7327.0764,8.145,156.70016490742282,1
851,Gold,Business,HKG-SYD,2560,15,0.3,22488.0,1840,17945.424,5.799999999999999,185.6953381770519,1
852,None,Economy,HKG-SYD,12970,35,0.19,6675.0,5194,3373.545,9.030000000000001,148.8233659121359,0
853,Gold,Economy,HKG-SYD,2560,25,0.12,46292.0,2842,14776.4064,10.79,136.14580855202115,1
854,None,Economy,HKG-BKK,12970,35,0.11,35290.0,5054,10325.854000000001,9.73,143.3700965465308,0
855,Gold,Economy,HKG-SYD,1690,25,0.25,49584.0,2939,32973.36,10.305,139.31279317619095,1
856,Gold,Business,HKG-LHR,7390,30,0.27,44727.0,4070,32122.931400000005,9.649999999999999,143.96315014973894,1
857,Gold,Economy,HKG-SYD,1690,20,0.14,26285.0,2241,9788.534000000001,8.795,150.79851886422153,1
858,Silver,Business,HKG-BKK,9600,30,0.13,28386.0,4059,9815.8788,9.704999999999998,143.55463787217406,0
859,Silver,Economy,HKG-SYD,12970,25,0.11,13576.0,3610,3972.3376,6.949999999999999,169.6377859359942,1
860,Gold,Economy,HKG-JFK,9600,25,0.26,25792.0,3545,17837.7472,7.274999999999999,165.8053344579357,1
861,None,Economy,HKG-JFK,9600,25,0.16,45636.0,3420,19422.6816,7.899999999999999,159.11145683514602,1
862,Silver,Economy,HKG-BKK,2560,15,0.18,7288.0,1750,3489.4944,6.25,178.88543819998318,1
863,Silver,Business,HKG-LHR,12970,20,0.2,43860.0,2978,23333.52,5.109999999999999,197.83564706223268,1
864,Silver,Business,HKG-LHR,9600,30,0.27,20343.0,4269,14610.342600000002,8.655000000000001,152.0132561339275,0
865,Silver,Economy,HKG-SIN,7390,30,0.23,45478.0,4010,27823.440400000003,9.95,141.7762410016672,0
866,Silver,Economy,HKG-BKK,9600,35,0.22,47340.0,4893,27703.368,10.535,137.78366347726057,0
867,Gold,Business,HKG-SYD,7390,25,0.14,35189.0,3229,13104.383600000001,8.855,150.2867577088257,1
868,Gold,Business,HKG-BKK,2560,25,0.2,34899.0,2942,18566.268,10.29,139.41429613550474,1
869,None,Business,HKG-SIN,9600,25,0.24,25374.0,3520,16198.761600000002,7.399999999999999,164.39898730535728,1
870,None,Economy,HKG-BKK,1690,30,0.29,42599.0,3587,32860.8686,12.065000000000001,128.75121459238227,0
871,Silver,Economy,HKG-BKK,2560,35,0.14,48273.0,4013,17976.8652,14.934999999999999,115.72105500358012,0
872,Gold,Business,HKG-SIN,7390,15,0.1,39879.0,1907,10607.814,5.465,191.30217805943462,1
873,Silver,Business,HKG-LHR,2560,20,0.12,32987.0,2273,10529.450400000002,8.635,152.18919746148939,1
874,Silver,Economy,HKG-SYD,9600,15,0.18,32306.0,2067,15468.1128,4.664999999999999,207.05664550556486,1
875,Gold,Economy,HKG-SIN,12970,30,0.26,43226.0,4557,29895.1016,7.215,166.4933263528233,1
876,Gold,Business,HKG-JFK,12970,25,0.1,29354.0,3597,7808.164000000001,7.015000000000001,168.85003700454496,1
877,None,Business,HKG-LHR,7390,20,0.19,41174.0,2633,20809.339600000003,6.834999999999999,171.05892498099806,1
878,Silver,Business,HKG-JFK,7390,30,0.17,27900.0,3920,12616.380000000001,10.399999999999999,138.6750490563073,0
879,Gold,Business,HKG-LHR,12970,30,0.11,7810.0,4332,2285.206,8.34,154.85740327062774,1
880,Gold,Business,HKG-SYD,7390,30,0.19,22278.0,3950,11259.3012,10.25,139.68605915391566,1
881,Gold,Economy,HKG-SYD,2560,20,0.15,25000.0,2303,9975.0,8.485,153.528523931475,1
882,Silver,Economy,HKG-BKK,1690,20,0.17,11373.0,2271,5142.8706,8.645,152.10115047844064,1
883,Gold,Economy,HKG-JFK,1690,35,0.24,9612.0,4097,6136.300800000001,14.515,117.38334407431739,1
884,Gold,Economy,HKG-LHR,2560,35,0.2,29096.0,4118,15479.072000000002,14.41,117.81023096688969,1
885,None,Business,HKG-SYD,1690,15,0.12,8831.0,1666,2818.8552000000004,6.67,173.16179571791196,1
886,Gold,Business,HKG-SIN,9600,20,0.29,18633.0,2866,14373.4962,5.67,187.81205660633702,1
887,Silver,Business,HKG-SYD,2560,20,0.23,38507.0,2383,23558.5826,8.084999999999999,157.28053787519437,1
888,Gold,Business,HKG-SIN,7390,20,0.25,48399.0,2693,32185.335000000003,6.535,174.94124054509933,1
889,Gold,Economy,HKG-LHR,2560,35,0.12,37304.0,3978,11907.4368,15.11,115.04897814670467,1
890,Gold,Economy,HKG-SYD,12970,30,0.11,49668.0,4332,14532.856800000001,8.34,154.85740327062774,1
891,None,Business,HKG-SYD,7390,25,0.1,36425.0,3179,9689.050000000001,9.105,148.2091521236173,1
892,None,Business,HKG-LHR,12970,35,0.14,18221.0,5106,6785.500400000001,9.469999999999999,145.32489181701183,0
893,None,Economy,HKG-SYD,7390,20,0.18,35242.0,2623,16873.869599999998,6.885,170.43666418830455,1
894,Silver,Business,HKG-SIN,1690,35,0.29,36597.0,4184,28230.9258,14.079999999999998,119.18282365569904,0
895,Silver,Business,HKG-SYD,2560,15,0.19,21728.0,1757,10981.3312,6.215,179.38843098527735,1
896,Gold,Economy,HKG-JFK,9600,20,0.16,5797.0,2736,2467.2032,6.32,177.892016741205,1
897,Gold,Economy,HKG-BKK,7390,15,0.21,36644.0,1990,20469.3384,5.049999999999999,199.00743804199786,1
898,None,Business,HKG-SIN,7390,20,0.12,5977.0,2563,1907.8584,7.1850000000000005,166.8405495169493,1
899,Gold,Business,HKG-JFK,12970,35,0.22,33403.0,5246,19547.4356,8.77,151.01330108226503,1
900,Gold,Economy,HKG-LHR,1690,30,0.21,12363.0,3467,6905.9718,12.665,125.66444015685916,1
901,Gold,Business,HKG-SIN,12970,25,0.26,30452.0,3797,21060.6032,6.015000000000001,182.34639512147982,1
902,Gold,Business,HKG-BKK,12970,15,0.3,27676.0,2308,22085.448,3.459999999999999,240.42351841717255,1
903,Gold,Economy,HKG-BKK,1690,35,0.15,5608.0,3939,2237.592,15.305,114.31371290953535,1
904,Silver,Business,HKG-LHR,9600,30,0.2,21329.0,4164,11347.028,9.18,147.60248092334922,0
905,Silver,Economy,HKG-LHR,12970,35,0.28,32049.0,5351,23870.095200000003,8.245000000000001,155.7469920435853,0
906,None,Business,HKG-SIN,12970,15,0.26,43187.0,2278,29868.129200000003,3.6099999999999994,235.37557657892526,1
907,None,Economy,HKG-SYD,7390,25,0.2,44989.0,3304,23934.148000000005,8.48,153.5737792084878,1
908,Silver,Business,HKG-LHR,1690,35,0.29,26773.0,4184,20652.692199999998,14.079999999999998,119.18282365569904,0
909,Gold,Business,HKG-SYD,2560,20,0.11,37779.0,2263,11054.1354,8.685,151.75048453532847,1
910,Silver,Business,HKG-JFK,9600,30,0.29,19240.0,4299,14841.735999999999,8.504999999999999,153.34790207607873,0
911,Silver,Business,HKG-BKK,9600,35,0.11,20398.0,4700,5968.4548,11.5,131.8760946791574,0
912,Gold,Economy,HKG-SYD,1690,30,0.21,13751.0,3467,7681.3086,12.665,125.66444015685916,1
913,Silver,Economy,HKG-BKK,7390,20,0.28,30288.0,2723,22558.502400000005,6.385,176.98422034789849,1
914,Silver,Business,HKG-SYD,7390,25,0.15,19155.0,3241,7642.845,8.794999999999998,150.79851886422156,1
915,Silver,Business,HKG-JFK,1690,25,0.19,8797.0,2864,4446.0038,10.68,136.84513787599332,1
916,Silver,Economy,HKG-LHR,7390,20,0.16,35825.0,2603,15247.12,6.984999999999999,169.21224701036374,1
917,Gold,Economy,HKG-JFK,9600,30,0.29,36849.0,4299,28425.3186,8.504999999999999,153.34790207607873,1
918,None,Business,HKG-LHR,9600,35,0.26,21200.0,4963,14661.92,10.184999999999999,140.13108387380905,0
919,None,Business,HKG-LHR,2560,20,0.24,8453.0,2393,5396.3952,8.035,157.76913966691438,1
920,Gold,Business,HKG-BKK,1690,15,0.22,24183.0,1741,14151.8916,6.295,178.24490742078888,1
921,None,Economy,HKG-JFK,12970,30,0.26,24905.0,4557,17224.298000000003,7.215,166.4933263528233,0
922,Silver,Business,HKG-SYD,12970,25,0.18,35090.0,3697,16801.092,6.515000000000001,175.2095554888843,1
923,None,Economy,HKG-JFK,2560,20,0.19,19194.0,2343,9700.6476,8.285,155.37056371786142,1
924,None,Business,HKG-BKK,2560,25,0.25,35717.0,3004,23751.805,9.98,141.5629900797544,1
925,Silver,Economy,HKG-LHR,7390,30,0.17,44217.0,3920,19994.9274,10.399999999999999,138.6750490563073,0
926,Gold,Business,HKG-BKK,2560,25,0.11,15687.0,2829,4590.0162,10.855,135.73757432403056,1
927,Gold,Business,HKG-SIN,2560,20,0.11,49051.0,2263,14352.3226,8.685,151.75048453532847,1
928,Silver,Business,HKG-SIN,12970,30,0.12,22387.0,4347,7145.9304,8.265,155.55843629401252,0
929,Silver,Economy,HKG-SYD,7390,15,0.27,17027.0,2035,12228.7914,4.824999999999999,203.59463942371505,1
930,Gold,Business,HKG-BKK,2560,20,0.19,23968.0,2343,12113.4272,8.285,155.37056371786142,1
931,Gold,Business,HKG-SYD,2560,35,0.24,9248.0,4188,5903.9232,14.059999999999999,119.26756083217403,1
932,None,Business,HKG-SYD,7390,20,0.18,10657.0,2623,5102.5716,6.885,170.43666418830455,1
933,None,Business,HKG-SIN,1690,30,0.15,23650.0,3377,9436.35,13.114999999999998,123.48973264146792,0
934,Silver,Economy,HKG-SYD,7390,20,0.17,39310.0,2613,17775.982000000004,6.9350000000000005,169.82114515284542,1
935,Gold,Economy,HKG-SIN,12970,15,0.26,45514.0,2278,31477.482400000004,3.6099999999999994,235.37557657892526,1
936,Gold,Economy,HKG-LHR,1690,15,0.23,34917.0,1748,21362.220600000004,6.26,178.7425013507906,1
937,Gold,Business,HKG-BKK,9600,35,0.29,9735.0,5015,7509.579,9.925,141.95468819753523,1
938,None,Economy,HKG-SYD,7390,25,0.24,35241.0,3354,22497.8544,8.23,155.88885968378733,1
939,Gold,Business,HKG-SIN,12970,30,0.21,33594.0,4482,18765.6084,7.59,162.3282511858913,1
940,Silver,Business,HKG-JFK,1690,30,0.22,41259.0,3482,24144.7668,12.59,126.03818274920818,0
941,Gold,Business,HKG-SYD,7390,25,0.29,42136.0,3416,32503.7104,7.919999999999998,158.91043154093208,1
942,Silver,Business,HKG-LHR,2560,15,0.26,44069.0,1810,30478.120400000003,5.949999999999999,183.33969940564225,1
943,Silver,Economy,HKG-LHR,7390,15,0.1,23636.0,1907,6287.176,5.465,191.30217805943462,1
944,None,Economy,HKG-JFK,9600,20,0.21,36404.0,2786,20335.274400000002,6.07,181.51839895669616,1
945,Gold,Economy,HKG-SIN,7390,35,0.24,17071.0,4695,10898.126400000001,11.524999999999999,131.73298438775686,1
946,Gold,Business,HKG-SYD,1690,35,0.25,49970.0,4114,33230.05,14.43,117.72856008638625,1
947,Gold,Business,HKG-SIN,1690,35,0.14,12890.0,3922,4800.236000000001,15.39,113.99759467612822,1
948,None,Business,HKG-LHR,7390,20,0.27,5455.0,2713,3917.7810000000004,6.4350000000000005,176.2952951159817,1
949,None,Business,HKG-SIN,1690,35,0.29,11696.0,4184,9022.294399999999,14.079999999999998,119.18282365569904,0
950,Silver,Business,HKG-LHR,2560,25,0.15,39914.0,2879,15925.686,10.605,137.32817904574011,1
951,Silver,Business,HKG-SIN,7390,20,0.28,25105.0,2723,18698.204,6.385,176.98422034789849,1
952,Silver,Business,HKG-JFK,2560,25,0.12,25138.0,2842,8024.0496,10.79,136.14580855202115,1
953,Gold,Business,HKG-BKK,2560,20,0.11,47976.0,2263,14037.7776,8.685,151.75048453532847,1
954,None,Economy,HKG-JFK,12970,35,0.13,46384.0,5089,16039.587200000002,9.555,144.6770524405238,0
955,Silver,Economy,HKG-JFK,7390,25,0.11,19004.0,3191,5560.5704000000005,9.045,148.69991224849016,1
956,Silver,Economy,HKG-BKK,1690,25,0.27,14408.0,2964,10347.825600000002,10.18,140.16549298025123,1
957,Silver,Economy,HKG-BKK,2560,25,0.11,43182.0,2829,12635.053200000002,10.855,135.73757432403056,1
958,Gold,Business,HKG-SYD,12970,20,0.15,45771.0,2928,18262.629,5.359999999999999,193.16685232156397,1
959,Gold,Economy,HKG-SYD,7390,30,0.12,29372.0,3845,9375.5424,10.774999999999999,136.24054065803432,1
960,None,Economy,HKG-JFK,7390,35,0.16,33324.0,4555,14182.6944,12.224999999999998,127.90589587821589,0
961,Gold,Business,HKG-JFK,9600,25,0.12,16561.0,3370,5286.2712,8.149999999999999,156.65208999759147,1
962,Silver,Business,HKG-LHR,9600,30,0.23,41036.0,4209,25105.824800000002,8.954999999999998,149.4452798874068,0
963,Gold,Economy,HKG-LHR,2560,35,0.13,33446.0,3996,11565.626800000002,15.02,115.39315069663539,1
964,Silver,Business,HKG-SYD,9600,35,0.27,27658.0,4980,19863.9756,10.099999999999998,140.71950894605837,0
965,Gold,Business,HKG-SYD,2560,25,0.26,7705.0,3016,5328.778000000001,9.92,141.9904585617662,1
966,Silver,Business,HKG-LHR,1690,25,0.1,46217.0,2751,12293.722,11.245,133.36297284316558,1
967,None,Business,HKG-LHR,2560,20,0.28,32695.0,2433,24351.236,7.834999999999999,159.77009647260851,1
968,Gold,Business,HKG-SIN,9600,30,0.11,13671.0,4029,4000.1346,9.855,142.45794772356274,1
969,Silver,Business,HKG-SIN,1690,30,0.15,32287.0,3377,12882.513,13.114999999999998,123.48973264146792,0
970,Silver,Business,HKG-LHR,9600,25,0.11,35486.0,3357,10383.2036,8.215,156.03111570701734,1
971,Silver,Business,HKG-SIN,2560,35,0.17,28660.0,4066,12960.052000000003,14.669999999999998,116.76157401734312,0
972,None,Economy,HKG-BKK,12970,25,0.2,37315.0,3722,19851.58,6.390000000000001,176.91496414475841,1
973,None,Business,HKG-SYD,7390,35,0.26,31165.0,4730,21553.714000000004,11.349999999999998,132.7446623199944,0
974,Gold,Business,HKG-SYD,9600,35,0.17,47650.0,4805,21547.330000000005,10.974999999999998,134.99346141256544,1
975,Gold,Business,HKG-LHR,2560,25,0.24,7416.0,2992,4734.3744,10.04,141.13935923440917,1
976,Gold,Economy,HKG-JFK,1690,15,0.14,9781.0,1681,3642.4444000000008,6.595000000000001,174.14363195046977,1
977,Silver,Business,HKG-LHR,9600,30,0.25,12815.0,4239,8521.975,8.805,150.71286221495637,0
978,Gold,Business,HKG-SIN,9600,35,0.15,36058.0,4770,14387.142,11.149999999999999,133.92990603648502,1
979,Silver,Economy,HKG-JFK,7390,35,0.13,34052.0,4503,11775.181600000002,12.485,126.56706944415367,0
980,Silver,Economy,HKG-SIN,2560,15,0.14,45143.0,1720,16811.253200000003,6.4,176.7766952966369,1
981,Silver,Business,HKG-BKK,12970,20,0.14,37979.0,2918,14143.379600000002,5.41,192.27214231343206,1
982,None,Economy,HKG-SIN,1690,15,0.2,27876.0,1726,14830.032000000003,6.369999999999999,177.19247798458352,1
983,Gold,Business,HKG-BKK,2560,15,0.27,49632.0,1817,35645.7024,5.914999999999999,183.88132451298364,1
984,Gold,Business,HKG-BKK,1690,35,0.12,16975.0,3887,5418.42,15.565000000000001,113.3549358045321,1
985,None,Business,HKG-SIN,9600,30,0.24,42494.0,4224,27128.1696,8.879999999999999,150.07505629691607,0
986,Silver,Business,HKG-SIN,7390,15,0.23,24206.0,2005,14809.230800000001,4.975,200.5018828468342,1
987,Silver,Economy,HKG-BKK,7390,20,0.27,34193.0,2713,24557.412600000003,6.4350000000000005,176.2952951159817,1
988,Silver,Business,HKG-JFK,12970,25,0.15,37727.0,3660,15053.073000000002,6.699999999999999,172.77368511627202,1
989,Gold,Business,HKG-BKK,7390,15,0.19,33519.0,1975,16940.5026,5.125,197.54591932991795,1
990,None,Economy,HKG-SYD,9600,15,0.29,11323.0,2149,8734.5622,4.254999999999999,216.802964150389,1
991,None,Economy,HKG-BKK,12970,20,0.23,24933.0,3008,15254.0094,4.959999999999999,200.80483222562475,1
992,Silver,Business,HKG-JFK,2560,30,0.18,30265.0,3500,14490.882,12.5,126.49110640673517,0
993,Gold,Economy,HKG-SYD,7390,15,0.13,43207.0,1930,14940.9806,5.35,193.34729780913273,1
994,Silver,Business,HKG-LHR,12970,15,0.15,24964.0,2196,9960.636,4.02,223.0498683727353,1
995,Silver,Economy,HKG-LHR,9600,30,0.22,46344.0,4194,27120.508800000003,9.030000000000001,148.8233659121359,0
996,Gold,Economy,HKG-JFK,1690,20,0.24,24817.0,2341,15843.1728,8.295,155.27688233236637,1
997,None,Economy,HKG-BKK,1690,15,0.12,29695.0,1666,9478.644,6.67,173.16179571791196,1
998,Gold,Business,HKG-SIN,9600,30,0.22,40833.0,4194,23895.4716,9.030000000000001,148.8233659121359,1
999,None,Business,HKG-JFK,9600,15,0.21,31238.0,2089,17449.5468,4.555,209.5418660634908,1
1000,Silver,Business,HKG-SYD,1690,25,0.2,48210.0,2876,25647.72,10.62,137.23116159876972,1
